SatelliteID,TaskID,OrbitNum,Priority,RecordRatio,WriteSpeed,ImageNum,StationID,WindowID,IsShadow,CameraType,WinBeginTime,WinEndTime,Duration,PitchAngleList,RollAngleList,YawAngleList
3,1,6931,100000,2.3,2.026,1,,,,CCD,41458,41521,10,12.818;12.316;11.812;11.306;10.797;10.286;9.773;9.257;8.74;8.221;7.7;7.178;6.653;6.128;5.6;5.072;4.542;4.011;3.479;2.947;2.413;1.879;1.344;0.808;0.272;-0.264;-0.8;-1.337;-1.873;-2.41;-2.946;-3.482;-4.017;-4.552;-5.086;-5.619;-6.152;-6.683;-7.213;-7.743;-8.271;-8.797;-9.323;-9.846;-10.368;-10.888;-11.407;-11.923;-12.438;-12.95;-13.46;-13.968;-14.474;-14.977,-43.051;-43.048;-43.046;-43.042;-43.039;-43.035;-43.03;-43.026;-43.02;-43.015;-43.009;-43.002;-42.995;-42.988;-42.98;-42.972;-42.964;-42.955;-42.945;-42.936;-42.925;-42.915;-42.904;-42.892;-42.881;-42.868;-42.856;-42.843;-42.829;-42.815;-42.801;-42.787;-42.771;-42.756;-42.74;-42.724;-42.707;-42.69;-42.672;-42.654;-42.636;-42.617;-42.598;-42.578;-42.558;-42.538;-42.517;-42.496;-42.474;-42.452;-42.43;-42.407;-42.384;-42.36,0;0;0;0;0;0;0;0;0;0;0;0;0;0;0;0;0;0;0;0;0;0;0;0;0;0;0;0;0;0;0;0;0;0;0;0;0;0;0;0;0;0;0;0;0;0;0;0;0;0;0;0;0;0
3,2,6931,100000,2.3,2.026,1,,,,CCD,41694,41808,10,27.621;27.163;26.701;26.234;25.762;25.285;24.804;24.318;23.827;23.332;22.831;22.327;21.817;21.303;20.785;20.262;19.735;19.203;18.667;18.127;17.582;17.033;16.481;15.924;15.363;14.799;14.23;13.659;13.083;12.504;11.922;11.336;10.748;10.156;9.562;8.965;8.365;7.762;7.158;6.551;5.942;5.331;4.718;4.104;3.488;2.871;2.253;1.634;1.014;0.394;-0.228;-0.849;-1.471;-2.092;-2.714;-3.335;-3.955;-4.575;-5.194;-5.812;-6.429;-7.045;-7.659;-8.272;-8.882;-9.491;-10.098;-10.703;-11.305;-11.905;-12.502;-13.096;-13.687;-14.276;-14.861;-15.443;-16.022;-16.597;-17.169;-17.737;-18.301;-18.861;-19.418;-19.97;-20.518;-21.063;-21.603;-22.138;-22.67;-23.196;-23.719;-24.237;-24.75;-25.259;-25.763;-26.263;-26.757;-27.247;-27.733;-28.213;-28.689;-29.16;-29.627;-30.088;-30.545,-35.268;-35.264;-35.26;-35.256;-35.251;-35.245;-35.24;-35.233;-35.227;-35.22;-35.213;-35.205;-35.197;-35.188;-35.179;-35.17;-35.16;-35.15;-35.139;-35.128;-35.117;-35.105;-35.093;-35.08;-35.067;-35.054;-35.04;-35.025;-35.011;-34.996;-34.98;-34.964;-34.948;-34.931;-34.914;-34.897;-34.879;-34.86;-34.842;-34.822;-34.803;-34.783;-34.762;-34.742;-34.72;-34.699;-34.677;-34.654;-34.631;-34.608;-34.584;-34.56;-34.536;-34.511;-34.486;-34.46;-34.434;-34.407;-34.38;-34.353;-34.325;-34.297;-34.269;-34.24;-34.21;-34.181;-34.151;-34.12;-34.089;-34.058;-34.026;-33.994;-33.961;-33.928;-33.895;-33.861;-33.827;-33.793;-33.758;-33.723;-33.687;-33.651;-33.615;-33.578;-33.541;-33.503;-33.465;-33.427;-33.388;-33.349;-33.31;-33.27;-33.23;-33.189;-33.148;-33.107;-33.065;-33.023;-32.981;-32.938;-32.895;-32.852;-32.808;-32.764;-32.719,0;0;0;0;0;0;0;0;0;0;0;0;0;0;0;0;0;0;0;0;0;0;0;0;0;0;0;0;0;0;0;0;0;0;0;0;0;0;0;0;0;0;0;0;0;0;0;0;0;0;0;0;0;0;0;0;0;0;0;0;0;0;0;0;0;0;0;0;0;0;0;0;0;0;0;0;0;0;0;0;0;0;0;0;0;0;0;0;0;0;0;0;0;0;0;0;0;0;0;0;0;0;0;0;0
3,3,6931,100000,2.3,2.026,1,,,,CCD,41316,41388,10,15.503;15.01;14.513;14.015;13.513;13.009;12.502;11.993;11.481;10.967;10.451;9.933;9.413;8.89;8.366;7.84;7.313;6.783;6.253;5.72;5.187;4.652;4.116;3.579;3.042;2.503;1.964;1.424;0.884;0.343;-0.198;-0.739;-1.28;-1.821;-2.362;-2.902;-3.442;-3.982;-4.521;-5.059;-5.596;-6.133;-6.668;-7.202;-7.735;-8.267;-8.797;-9.326;-9.853;-10.378;-10.902;-11.423;-11.943;-12.46;-12.975;-13.488;-13.999;-14.507;-15.013;-15.516;-16.016;-16.514;-17.009,-42.243;-42.245;-42.248;-42.249;-42.251;-42.252;-42.253;-42.253;-42.253;-42.252;-42.251;-42.25;-42.248;-42.246;-42.243;-42.24;-42.237;-42.233;-42.229;-42.224;-42.219;-42.214;-42.208;-42.202;-42.195;-42.188;-42.181;-42.173;-42.165;-42.156;-42.147;-42.138;-42.128;-42.118;-42.107;-42.096;-42.084;-42.072;-42.06;-42.047;-42.034;-42.021;-42.007;-41.993;-41.978;-41.963;-41.947;-41.931;-41.915;-41.898;-41.881;-41.863;-41.845;-41.827;-41.808;-41.789;-41.77;-41.75;-41.729;-41.709;-41.687;-41.666;-41.644,0;0;0;0;0;0;0;0;0;0;0;0;0;0;0;0;0;0;0;0;0;0;0;0;0;0;0;0;0;0;0;0;0;0;0;0;0;0;0;0;0;0;0;0;0;0;0;0;0;0;0;0;0;0;0;0;0;0;0;0;0;0;0
3,4,6932,100000,2.3,2.026,1,,,,CCD,47020,47089,10,14.846;14.351;13.853;13.352;12.849;12.344;11.836;11.325;10.812;10.298;9.781;9.262;8.741;8.218;7.694;7.167;6.64;6.111;5.58;5.048;4.515;3.981;3.446;2.91;2.373;1.836;1.298;0.76;0.221;-0.318;-0.857;-1.396;-1.935;-2.473;-3.012;-3.549;-4.087;-4.624;-5.16;-5.695;-6.229;-6.762;-7.294;-7.825;-8.354;-8.882;-9.408;-9.933;-10.456;-10.977;-11.496;-12.014;-12.529;-13.042;-13.552;-14.061;-14.567;-15.07;-15.571;-16.069,-42.427;-42.429;-42.431;-42.432;-42.434;-42.434;-42.435;-42.435;-42.434;-42.434;-42.432;-42.431;-42.429;-42.426;-42.423;-42.42;-42.416;-42.412;-42.408;-42.403;-42.398;-42.392;-42.386;-42.38;-42.373;-42.365;-42.358;-42.35;-42.341;-42.332;-42.323;-42.313;-42.303;-42.292;-42.281;-42.27;-42.258;-42.246;-42.234;-42.221;-42.207;-42.193;-42.179;-42.165;-42.15;-42.134;-42.118;-42.102;-42.085;-42.068;-42.051;-42.033;-42.015;-41.996;-41.977;-41.958;-41.938;-41.918;-41.897;-41.876,0;0;0;0;0;0;0;0;0;0;0;0;0;0;0;0;0;0;0;0;0;0;0;0;0;0;0;0;0;0;0;0;0;0;0;0;0;0;0;0;0;0;0;0;0;0;0;0;0;0;0;0;0;0;0;0;0;0;0;0
3,5,6931,100000,2.3,2.026,1,,,,CCD,42081,42149,10,13.526;13.017;12.504;11.989;11.471;10.95;10.427;9.902;9.374;8.843;8.311;7.776;7.24;6.701;6.161;5.619;5.075;4.53;3.984;3.436;2.887;2.336;1.785;1.233;0.681;0.127;-0.426;-0.98;-1.535;-2.089;-2.644;-3.199;-3.753;-4.307;-4.86;-5.413;-5.966;-6.517;-7.068;-7.617;-8.166;-8.713;-9.259;-9.803;-10.346;-10.887;-11.427;-11.964;-12.5;-13.033;-13.565;-14.094;-14.62;-15.145;-15.666;-16.186;-16.702;-17.216;-17.727,-42.815;-42.802;-42.789;-42.775;-42.761;-42.746;-42.731;-42.715;-42.699;-42.683;-42.666;-42.648;-42.631;-42.612;-42.594;-42.575;-42.555;-42.535;-42.515;-42.494;-42.473;-42.451;-42.429;-42.406;-42.383;-42.36;-42.336;-42.312;-42.287;-42.262;-42.236;-42.21;-42.184;-42.157;-42.13;-42.102;-42.074;-42.045;-42.016;-41.986;-41.956;-41.926;-41.895;-41.864;-41.832;-41.8;-41.767;-41.734;-41.701;-41.667;-41.633;-41.598;-41.563;-41.528;-41.492;-41.455;-41.418;-41.381;-41.343,0;0;0;0;0;0;0;0;0;0;0;0;0;0;0;0;0;0;0;0;0;0;0;0;0;0;0;0;0;0;0;0;0;0;0;0;0;0;0;0;0;0;0;0;0;0;0;0;0;0;0;0;0;0;0;0;0;0;0
3,6,6931,100000,2.3,2.026,1,,,,CCD,42316,42399,10,17.971;17.474;16.972;16.468;15.959;15.448;14.932;14.414;13.892;13.367;12.839;12.308;11.775;11.238;10.698;10.156;9.611;9.063;8.514;7.962;7.407;6.851;6.293;5.732;5.17;4.607;4.041;3.475;2.907;2.338;1.768;1.197;0.625;0.053;-0.52;-1.094;-1.667;-2.241;-2.815;-3.388;-3.962;-4.535;-5.107;-5.679;-6.25;-6.82;-7.39;-7.958;-8.524;-9.09;-9.653;-10.216;-10.776;-11.335;-11.891;-12.446;-12.998;-13.548;-14.095;-14.64;-15.183;-15.723;-16.26;-16.794;-17.325;-17.853;-18.378;-18.9;-19.419;-19.934;-20.446;-20.954;-21.459;-21.96,-41.214;-41.201;-41.188;-41.174;-41.16;-41.146;-41.131;-41.116;-41.1;-41.084;-41.067;-41.05;-41.033;-41.015;-40.997;-40.978;-40.959;-40.939;-40.919;-40.898;-40.877;-40.856;-40.834;-40.812;-40.789;-40.766;-40.742;-40.718;-40.694;-40.669;-40.643;-40.617;-40.591;-40.564;-40.537;-40.51;-40.482;-40.453;-40.424;-40.395;-40.365;-40.335;-40.304;-40.273;-40.242;-40.21;-40.177;-40.144;-40.111;-40.077;-40.043;-40.009;-39.974;-39.938;-39.902;-39.866;-39.829;-39.792;-39.755;-39.716;-39.678;-39.639;-39.6;-39.56;-39.52;-39.479;-39.438;-39.397;-39.355;-39.313;-39.27;-39.227;-39.183;-39.139,0;0;0;0;0;0;0;0;0;0;0;0;0;0;0;0;0;0;0;0;0;0;0;0;0;0;0;0;0;0;0;0;0;0;0;0;0;0;0;0;0;0;0;0;0;0;0;0;0;0;0;0;0;0;0;0;0;0;0;0;0;0;0;0;0;0;0;0;0;0;0;0;0;0
3,7,6929,100000,2.3,2.026,1,,,,CCD,30057,30189,10,33.302;32.878;32.449;32.015;31.575;31.131;30.681;30.226;29.766;29.3;28.829;28.353;27.872;27.385;26.893;26.395;25.893;25.385;24.871;24.353;23.829;23.3;22.766;22.226;21.682;21.133;20.578;20.019;19.454;18.885;18.311;17.733;17.15;16.562;15.97;15.374;14.774;14.169;13.561;12.948;12.332;11.712;11.089;10.463;9.833;9.201;8.565;7.927;7.286;6.643;5.998;5.35;4.701;4.05;3.398;2.745;2.09;1.434;0.778;0.121;-0.536;-1.193;-1.85;-2.507;-3.164;-3.82;-4.475;-5.129;-5.781;-6.433;-7.082;-7.73;-8.376;-9.02;-9.661;-10.3;-10.937;-11.57;-12.201;-12.828;-13.452;-14.073;-14.69;-15.303;-15.913;-16.519;-17.12;-17.718;-18.311;-18.9;-19.484;-20.064;-20.639;-21.209;-21.775;-22.335;-22.891;-23.442;-23.987;-24.528;-25.063;-25.594;-26.119;-26.639;-27.153;-27.662;-28.166;-28.665;-29.158;-29.646;-30.129;-30.606;-31.078;-31.545;-32.006;-32.462;-32.913;-33.358;-33.798;-34.234;-34.663;-35.088;-35.508,-30.024;-30.025;-30.026;-30.027;-30.027;-30.027;-30.026;-30.025;-30.024;-30.022;-30.02;-30.018;-30.015;-30.012;-30.009;-30.005;-30.001;-29.996;-29.991;-29.986;-29.98;-29.974;-29.968;-29.961;-29.954;-29.947;-29.939;-29.931;-29.922;-29.913;-29.904;-29.894;-29.884;-29.874;-29.863;-29.852;-29.84;-29.828;-29.816;-29.804;-29.79;-29.777;-29.763;-29.749;-29.735;-29.72;-29.705;-29.689;-29.673;-29.657;-29.64;-29.623;-29.605;-29.587;-29.569;-29.55;-29.531;-29.512;-29.492;-29.472;-29.452;-29.431;-29.41;-29.388;-29.366;-29.344;-29.321;-29.298;-29.275;-29.251;-29.227;-29.203;-29.178;-29.153;-29.127;-29.101;-29.075;-29.048;-29.021;-28.994;-28.966;-28.938;-28.91;-28.881;-28.852;-28.822;-28.793;-28.762;-28.732;-28.701;-28.67;-28.638;-28.606;-28.574;-28.542;-28.509;-28.476;-28.442;-28.408;-28.374;-28.339;-28.304;-28.269;-28.234;-28.198;-28.162;-28.125;-28.088;-28.051;-28.014;-27.976;-27.938;-27.899;-27.86;-27.821;-27.782;-27.742;-27.702;-27.662;-27.622;-27.581;-27.54;-27.498,0;0;0;0;0;0;0;0;0;0;0;0;0;0;0;0;0;0;0;0;0;0;0;0;0;0;0;0;0;0;0;0;0;0;0;0;0;0;0;0;0;0;0;0;0;0;0;0;0;0;0;0;0;0;0;0;0;0;0;0;0;0;0;0;0;0;0;0;0;0;0;0;0;0;0;0;0;0;0;0;0;0;0;0;0;0;0;0;0;0;0;0;0;0;0;0;0;0;0;0;0;0;0;0;0;0;0;0;0;0;0;0;0;0;0;0;0;0;0;0;0;0;0
3,8,6929,100000,2.3,2.026,1,,,,CCD,31527,31645,10,28.07;27.621;27.167;26.708;26.245;25.777;25.304;24.827;24.345;23.858;23.367;22.871;22.371;21.865;21.356;20.842;20.323;19.8;19.273;18.741;18.205;17.665;17.121;16.572;16.02;15.464;14.904;14.34;13.772;13.201;12.627;12.049;11.468;10.884;10.296;9.706;9.113;8.518;7.92;7.319;6.716;6.112;5.505;4.896;4.286;3.674;3.061;2.446;1.831;1.215;0.598;-0.02;-0.638;-1.256;-1.875;-2.493;-3.111;-3.729;-4.346;-4.962;-5.578;-6.192;-6.805;-7.417;-8.027;-8.636;-9.243;-9.848;-10.45;-11.051;-11.649;-12.244;-12.837;-13.427;-14.014;-14.599;-15.18;-15.757;-16.332;-16.903;-17.47;-18.033;-18.593;-19.149;-19.702;-20.25;-20.794;-21.334;-21.869;-22.401;-22.928;-23.45;-23.969;-24.482;-24.992;-25.496;-25.996;-26.492;-26.983;-27.469;-27.95;-28.427;-28.899;-29.366;-29.829;-30.287;-30.74;-31.188;-31.632,-34.814;-34.808;-34.802;-34.795;-34.788;-34.781;-34.773;-34.765;-34.756;-34.747;-34.737;-34.727;-34.717;-34.706;-34.695;-34.684;-34.672;-34.66;-34.647;-34.634;-34.621;-34.607;-34.592;-34.578;-34.563;-34.547;-34.531;-34.515;-34.498;-34.481;-34.464;-34.446;-34.427;-34.409;-34.389;-34.37;-34.35;-34.33;-34.309;-34.288;-34.266;-34.244;-34.222;-34.199;-34.176;-34.152;-34.128;-34.104;-34.079;-34.054;-34.028;-34.002;-33.975;-33.949;-33.921;-33.894;-33.866;-33.837;-33.808;-33.779;-33.75;-33.72;-33.689;-33.658;-33.627;-33.595;-33.563;-33.531;-33.498;-33.465;-33.431;-33.397;-33.363;-33.328;-33.293;-33.258;-33.222;-33.185;-33.149;-33.112;-33.074;-33.036;-32.998;-32.96;-32.921;-32.881;-32.842;-32.801;-32.761;-32.72;-32.679;-32.637;-32.595;-32.553;-32.51;-32.467;-32.424;-32.38;-32.336;-32.292;-32.247;-32.202;-32.156;-32.11;-32.064;-32.018;-31.971;-31.923;-31.876,0;0;0;0;0;0;0;0;0;0;0;0;0;0;0;0;0;0;0;0;0;0;0;0;0;0;0;0;0;0;0;0;0;0;0;0;0;0;0;0;0;0;0;0;0;0;0;0;0;0;0;0;0;0;0;0;0;0;0;0;0;0;0;0;0;0;0;0;0;0;0;0;0;0;0;0;0;0;0;0;0;0;0;0;0;0;0;0;0;0;0;0;0;0;0;0;0;0;0;0;0;0;0;0;0;0;0;0;0
3,9,6929,100000,2.3,2.026,1,,,,CCD,31313,31414,10,23.14;22.666;22.188;21.706;21.219;20.728;20.234;19.735;19.232;18.725;18.214;17.699;17.181;16.658;16.132;15.602;15.069;14.532;13.991;13.448;12.901;12.35;11.797;11.241;10.681;10.119;9.554;8.987;8.417;7.845;7.27;6.693;6.115;5.534;4.952;4.368;3.782;3.195;2.607;2.018;1.427;0.836;0.244;-0.348;-0.941;-1.533;-2.127;-2.72;-3.312;-3.905;-4.497;-5.088;-5.679;-6.269;-6.858;-7.445;-8.032;-8.616;-9.2;-9.781;-10.361;-10.939;-11.514;-12.088;-12.659;-13.227;-13.793;-14.357;-14.917;-15.475;-16.03;-16.582;-17.13;-17.675;-18.217;-18.756;-19.291;-19.822;-20.35;-20.874;-21.394;-21.911;-22.423;-22.932;-23.436;-23.937;-24.433;-24.926;-25.414;-25.898;-26.377;-26.853,-38.556;-38.547;-38.537;-38.527;-38.516;-38.505;-38.494;-38.482;-38.469;-38.457;-38.443;-38.43;-38.416;-38.402;-38.387;-38.371;-38.356;-38.34;-38.323;-38.306;-38.289;-38.271;-38.253;-38.234;-38.215;-38.195;-38.176;-38.155;-38.134;-38.113;-38.091;-38.069;-38.047;-38.024;-38.001;-37.977;-37.953;-37.928;-37.903;-37.877;-37.851;-37.825;-37.798;-37.771;-37.743;-37.715;-37.687;-37.658;-37.629;-37.599;-37.569;-37.538;-37.507;-37.475;-37.444;-37.411;-37.378;-37.345;-37.312;-37.278;-37.243;-37.208;-37.173;-37.138;-37.101;-37.065;-37.028;-36.991;-36.953;-36.915;-36.876;-36.837;-36.798;-36.758;-36.718;-36.677;-36.636;-36.595;-36.553;-36.511;-36.468;-36.425;-36.382;-36.338;-36.293;-36.249;-36.204;-36.158;-36.113;-36.066;-36.02;-35.973,0;0;0;0;0;0;0;0;0;0;0;0;0;0;0;0;0;0;0;0;0;0;0;0;0;0;0;0;0;0;0;0;0;0;0;0;0;0;0;0;0;0;0;0;0;0;0;0;0;0;0;0;0;0;0;0;0;0;0;0;0;0;0;0;0;0;0;0;0;0;0;0;0;0;0;0;0;0;0;0;0;0;0;0;0;0;0;0;0;0;0;0
3,10,6934,100000,2.3,2.026,1,,,,CCD,58520,58544,10,2.73;2.219;1.707;1.195;0.682;0.169;-0.345;-0.858;-1.372;-1.885;-2.398;-2.911;-3.424;-3.936;-4.448,-44.907;-44.899;-44.892;-44.883;-44.875;-44.866;-44.856;-44.846;-44.836;-44.826;-44.815;-44.803;-44.791;-44.779;-44.766,0;0;0;0;0;0;0;0;0;0;0;0;0;0;0
3,11,6930,100000,2.3,2.026,1,,,,CCD,36126,36234,10,25.765;25.299;24.828;24.353;23.873;23.388;22.899;22.406;21.908;21.405;20.899;20.387;19.872;19.352;18.828;18.3;17.768;17.231;16.691;16.146;15.598;15.046;14.491;13.931;13.369;12.802;12.233;11.66;11.084;10.505;9.923;9.339;8.751;8.162;7.569;6.975;6.378;5.78;5.179;4.577;3.973;3.367;2.761;2.153;1.544;0.935;0.324;-0.286;-0.898;-1.509;-2.12;-2.732;-3.343;-3.953;-4.563;-5.173;-5.781;-6.388;-6.995;-7.599;-8.203;-8.805;-9.404;-10.002;-10.598;-11.192;-11.783;-12.372;-12.959;-13.542;-14.123;-14.701;-15.276;-15.847;-16.415;-16.98;-17.542;-18.1;-18.654;-19.204;-19.751;-20.294;-20.833;-21.367;-21.898;-22.424;-22.947;-23.465;-23.978;-24.488;-24.993;-25.493;-25.989;-26.48;-26.967;-27.45;-27.928;-28.401;-28.869,-36.881;-36.875;-36.868;-36.86;-36.853;-36.844;-36.836;-36.827;-36.817;-36.808;-36.797;-36.787;-36.776;-36.764;-36.752;-36.74;-36.727;-36.714;-36.701;-36.687;-36.672;-36.657;-36.642;-36.627;-36.611;-36.594;-36.577;-36.56;-36.542;-36.524;-36.505;-36.486;-36.467;-36.447;-36.427;-36.406;-36.385;-36.363;-36.341;-36.319;-36.296;-36.273;-36.249;-36.225;-36.201;-36.176;-36.151;-36.125;-36.099;-36.072;-36.045;-36.018;-35.99;-35.961;-35.933;-35.904;-35.874;-35.844;-35.814;-35.783;-35.752;-35.72;-35.688;-35.656;-35.623;-35.59;-35.556;-35.522;-35.488;-35.453;-35.418;-35.382;-35.346;-35.309;-35.272;-35.235;-35.197;-35.159;-35.121;-35.082;-35.043;-35.003;-34.963;-34.922;-34.881;-34.84;-34.799;-34.756;-34.714;-34.671;-34.628;-34.584;-34.541;-34.496;-34.451;-34.406;-34.361;-34.315;-34.269,0;0;0;0;0;0;0;0;0;0;0;0;0;0;0;0;0;0;0;0;0;0;0;0;0;0;0;0;0;0;0;0;0;0;0;0;0;0;0;0;0;0;0;0;0;0;0;0;0;0;0;0;0;0;0;0;0;0;0;0;0;0;0;0;0;0;0;0;0;0;0;0;0;0;0;0;0;0;0;0;0;0;0;0;0;0;0;0;0;0;0;0;0;0;0;0;0;0;0
3,12,6932,100000,2.3,2.026,1,,,,CCD,47946,47997,10,8.966;8.448;7.928;7.406;6.882;6.356;5.828;5.299;4.769;4.237;3.703;3.169;2.633;2.096;1.559;1.02;0.481;-0.058;-0.598;-1.139;-1.679;-2.22;-2.761;-3.302;-3.843;-4.383;-4.923;-5.462;-6.001;-6.539;-7.076;-7.613;-8.148;-8.682;-9.215;-9.746;-10.276;-10.805;-11.332;-11.857;-12.38;-12.901,-44.06;-44.044;-44.027;-44.01;-43.992;-43.974;-43.955;-43.936;-43.917;-43.897;-43.877;-43.856;-43.835;-43.813;-43.791;-43.769;-43.746;-43.723;-43.699;-43.675;-43.65;-43.625;-43.599;-43.573;-43.547;-43.52;-43.493;-43.465;-43.437;-43.408;-43.379;-43.35;-43.32;-43.29;-43.259;-43.228;-43.196;-43.164;-43.132;-43.099;-43.065;-43.032,0;0;0;0;0;0;0;0;0;0;0;0;0;0;0;0;0;0;0;0;0;0;0;0;0;0;0;0;0;0;0;0;0;0;0;0;0;0;0;0;0;0
3,13,6932,100000,2.3,2.026,1,,,,CCD,47659,47749,10,20.03;19.539;19.044;18.546;18.043;17.537;17.027;16.514;15.997;15.476;14.952;14.425;13.894;13.361;12.824;12.284;11.741;11.195;10.646;10.094;9.54;8.984;8.425;7.864;7.3;6.735;6.167;5.598;5.027;4.455;3.881;3.305;2.729;2.151;1.572;0.993;0.412;-0.168;-0.749;-1.331;-1.912;-2.494;-3.076;-3.657;-4.238;-4.818;-5.398;-5.977;-6.554;-7.131;-7.707;-8.281;-8.854;-9.426;-9.995;-10.563;-11.129;-11.693;-12.255;-12.814;-13.371;-13.926;-14.478;-15.027;-15.573;-16.117;-16.658;-17.195;-17.73;-18.261;-18.789;-19.313;-19.834;-20.352;-20.866;-21.376;-21.883;-22.386;-22.885;-23.38;-23.872,-40.122;-40.113;-40.103;-40.093;-40.083;-40.072;-40.06;-40.048;-40.036;-40.023;-40.01;-39.997;-39.983;-39.968;-39.953;-39.938;-39.922;-39.906;-39.89;-39.873;-39.855;-39.838;-39.819;-39.801;-39.781;-39.762;-39.742;-39.721;-39.701;-39.679;-39.658;-39.635;-39.613;-39.59;-39.566;-39.542;-39.518;-39.493;-39.468;-39.443;-39.416;-39.39;-39.363;-39.336;-39.308;-39.28;-39.251;-39.222;-39.193;-39.163;-39.132;-39.102;-39.07;-39.039;-39.007;-38.974;-38.941;-38.908;-38.874;-38.84;-38.805;-38.77;-38.735;-38.699;-38.663;-38.626;-38.589;-38.552;-38.514;-38.475;-38.437;-38.397;-38.358;-38.318;-38.277;-38.236;-38.195;-38.154;-38.112;-38.069;-38.026,0;0;0;0;0;0;0;0;0;0;0;0;0;0;0;0;0;0;0;0;0;0;0;0;0;0;0;0;0;0;0;0;0;0;0;0;0;0;0;0;0;0;0;0;0;0;0;0;0;0;0;0;0;0;0;0;0;0;0;0;0;0;0;0;0;0;0;0;0;0;0;0;0;0;0;0;0;0;0;0;0
3,14,6932,100000,2.3,2.026,1,,,,CCD,47432,47539,10,25.227;24.758;24.284;23.806;23.323;22.836;22.345;21.849;21.349;20.844;20.335;19.822;19.305;18.784;18.258;17.729;17.195;16.658;16.117;15.572;15.023;14.47;13.915;13.355;12.793;12.227;11.658;11.086;10.51;9.933;9.352;8.769;8.183;7.595;7.005;6.412;5.818;5.222;4.624;4.025;3.424;2.822;2.219;1.615;1.01;0.405;-0.201;-0.808;-1.414;-2.021;-2.627;-3.234;-3.839;-4.445;-5.049;-5.653;-6.255;-6.857;-7.457;-8.055;-8.652;-9.247;-9.841;-10.432;-11.021;-11.608;-12.192;-12.774;-13.353;-13.93;-14.503;-15.074;-15.641;-16.205;-16.766;-17.324;-17.878;-18.428;-18.975;-19.518;-20.057;-20.592;-21.123;-21.65;-22.174;-22.693;-23.207;-23.718;-24.224;-24.726;-25.224;-25.717;-26.206;-26.69;-27.17;-27.645;-28.116;-28.582,-36.983;-36.978;-36.973;-36.968;-36.963;-36.956;-36.95;-36.943;-36.936;-36.928;-36.92;-36.911;-36.902;-36.893;-36.883;-36.873;-36.862;-36.851;-36.84;-36.828;-36.816;-36.803;-36.79;-36.777;-36.763;-36.749;-36.734;-36.719;-36.703;-36.687;-36.671;-36.654;-36.637;-36.619;-36.601;-36.583;-36.564;-36.544;-36.525;-36.504;-36.484;-36.463;-36.441;-36.42;-36.397;-36.375;-36.352;-36.328;-36.304;-36.28;-36.255;-36.23;-36.205;-36.179;-36.152;-36.126;-36.098;-36.071;-36.043;-36.014;-35.986;-35.956;-35.927;-35.897;-35.866;-35.835;-35.804;-35.772;-35.74;-35.708;-35.675;-35.641;-35.608;-35.574;-35.539;-35.504;-35.469;-35.433;-35.397;-35.361;-35.324;-35.287;-35.249;-35.211;-35.172;-35.134;-35.094;-35.055;-35.015;-34.975;-34.934;-34.893;-34.851;-34.809;-34.767;-34.725;-34.682;-34.638,0;0;0;0;0;0;0;0;0;0;0;0;0;0;0;0;0;0;0;0;0;0;0;0;0;0;0;0;0;0;0;0;0;0;0;0;0;0;0;0;0;0;0;0;0;0;0;0;0;0;0;0;0;0;0;0;0;0;0;0;0;0;0;0;0;0;0;0;0;0;0;0;0;0;0;0;0;0;0;0;0;0;0;0;0;0;0;0;0;0;0;0;0;0;0;0;0;0
3,15,6932,100000,2.3,2.026,1,,,,CCD,47215,47340,10,30.984;30.547;30.106;29.66;29.209;28.753;28.291;27.825;27.354;26.878;26.397;25.911;25.42;24.924;24.422;23.917;23.406;22.89;22.369;21.844;21.314;20.779;20.239;19.695;19.146;18.593;18.035;17.473;16.906;16.336;15.761;15.182;14.599;14.013;13.422;12.828;12.231;11.63;11.026;10.419;9.809;9.196;8.58;7.961;7.341;6.718;6.092;5.465;4.836;4.206;3.574;2.94;2.306;1.671;1.034;0.398;-0.24;-0.877;-1.514;-2.152;-2.789;-3.425;-4.061;-4.696;-5.331;-5.963;-6.595;-7.225;-7.853;-8.48;-9.104;-9.727;-10.347;-10.964;-11.579;-12.191;-12.8;-13.406;-14.009;-14.609;-15.205;-15.798;-16.387;-16.972;-17.553;-18.131;-18.704;-19.273;-19.838;-20.398;-20.955;-21.506;-22.053;-22.596;-23.134;-23.667;-24.195;-24.719;-25.237;-25.751;-26.26;-26.764;-27.263;-27.757;-28.246;-28.73;-29.209;-29.683;-30.152;-30.616;-31.075;-31.529;-31.977;-32.421;-32.86;-33.294,-32.615;-32.616;-32.617;-32.617;-32.617;-32.617;-32.616;-32.615;-32.614;-32.612;-32.61;-32.607;-32.604;-32.601;-32.597;-32.593;-32.589;-32.584;-32.579;-32.573;-32.567;-32.561;-32.554;-32.547;-32.539;-32.532;-32.523;-32.515;-32.506;-32.496;-32.486;-32.476;-32.465;-32.455;-32.443;-32.431;-32.419;-32.407;-32.394;-32.38;-32.367;-32.353;-32.338;-32.323;-32.308;-32.292;-32.276;-32.26;-32.243;-32.226;-32.208;-32.19;-32.172;-32.153;-32.134;-32.114;-32.094;-32.074;-32.053;-32.032;-32.011;-31.989;-31.967;-31.944;-31.921;-31.898;-31.874;-31.85;-31.825;-31.8;-31.775;-31.749;-31.723;-31.697;-31.67;-31.643;-31.615;-31.588;-31.559;-31.531;-31.502;-31.472;-31.442;-31.412;-31.382;-31.351;-31.32;-31.288;-31.256;-31.224;-31.191;-31.158;-31.124;-31.091;-31.057;-31.022;-30.987;-30.952;-30.916;-30.881;-30.844;-30.808;-30.771;-30.734;-30.696;-30.658;-30.62;-30.581;-30.542;-30.503;-30.463;-30.423;-30.383;-30.342;-30.302;-30.26,0;0;0;0;0;0;0;0;0;0;0;0;0;0;0;0;0;0;0;0;0;0;0;0;0;0;0;0;0;0;0;0;0;0;0;0;0;0;0;0;0;0;0;0;0;0;0;0;0;0;0;0;0;0;0;0;0;0;0;0;0;0;0;0;0;0;0;0;0;0;0;0;0;0;0;0;0;0;0;0;0;0;0;0;0;0;0;0;0;0;0;0;0;0;0;0;0;0;0;0;0;0;0;0;0;0;0;0;0;0;0;0;0;0;0;0
3,16,6932,100000,2.3,2.026,1,,,,CCD,47167,47234,10,13.843;13.343;12.84;12.334;11.826;11.316;10.803;10.288;9.771;9.252;8.73;8.207;7.682;7.155;6.627;6.097;5.566;5.033;4.499;3.964;3.428;2.891;2.353;1.814;1.275;0.735;0.195;-0.345;-0.886;-1.426;-1.967;-2.507;-3.048;-3.588;-4.127;-4.666;-5.204;-5.741;-6.277;-6.813;-7.347;-7.88;-8.412;-8.942;-9.471;-9.998;-10.524;-11.047;-11.569;-12.089;-12.607;-13.122;-13.636;-14.147;-14.655;-15.162;-15.665;-16.166,-42.659;-42.657;-42.655;-42.652;-42.649;-42.646;-42.642;-42.637;-42.633;-42.628;-42.622;-42.616;-42.61;-42.603;-42.596;-42.588;-42.58;-42.572;-42.563;-42.554;-42.544;-42.534;-42.523;-42.513;-42.501;-42.49;-42.477;-42.465;-42.452;-42.439;-42.425;-42.411;-42.396;-42.381;-42.366;-42.35;-42.334;-42.317;-42.3;-42.283;-42.265;-42.246;-42.228;-42.209;-42.189;-42.169;-42.149;-42.128;-42.107;-42.085;-42.063;-42.041;-42.018;-41.995;-41.972;-41.948;-41.923;-41.899,0;0;0;0;0;0;0;0;0;0;0;0;0;0;0;0;0;0;0;0;0;0;0;0;0;0;0;0;0;0;0;0;0;0;0;0;0;0;0;0;0;0;0;0;0;0;0;0;0;0;0;0;0;0;0;0;0;0
3,17,6933,100000,2.3,2.026,1,,,,CCD,52810,52951,10,36.193;35.788;35.379;34.964;34.544;34.118;33.687;33.251;32.809;32.362;31.909;31.451;30.987;30.517;30.042;29.561;29.074;28.582;28.084;27.581;27.071;26.556;26.036;25.509;24.978;24.44;23.897;23.348;22.794;22.234;21.669;21.099;20.523;19.942;19.356;18.765;18.168;17.567;16.961;16.35;15.735;15.115;14.491;13.862;13.229;12.593;11.952;11.308;10.66;10.009;9.354;8.697;8.037;7.374;6.708;6.04;5.371;4.699;4.025;3.35;2.674;1.997;1.318;0.64;-0.04;-0.719;-1.399;-2.078;-2.757;-3.435;-4.113;-4.789;-5.464;-6.138;-6.81;-7.48;-8.148;-8.813;-9.476;-10.137;-10.794;-11.449;-12.1;-12.748;-13.393;-14.034;-14.671;-15.304;-15.932;-16.557;-17.177;-17.793;-18.404;-19.01;-19.612;-20.208;-20.8;-21.386;-21.967;-22.543;-23.114;-23.679;-24.239;-24.793;-25.342;-25.885;-26.423;-26.955;-27.481;-28.002;-28.517;-29.026;-29.53;-30.028;-30.52;-31.006;-31.487;-31.962;-32.432;-32.896;-33.354;-33.807;-34.254;-34.696;-35.132;-35.562;-35.988;-36.408;-36.822;-37.231;-37.635;-38.034,-26.429;-26.431;-26.433;-26.435;-26.436;-26.438;-26.438;-26.439;-26.439;-26.439;-26.438;-26.437;-26.436;-26.435;-26.433;-26.431;-26.428;-26.425;-26.422;-26.419;-26.415;-26.411;-26.406;-26.401;-26.396;-26.391;-26.385;-26.379;-26.372;-26.365;-26.358;-26.351;-26.343;-26.335;-26.326;-26.317;-26.308;-26.298;-26.288;-26.278;-26.267;-26.256;-26.245;-26.233;-26.221;-26.209;-26.196;-26.183;-26.17;-26.156;-26.142;-26.128;-26.113;-26.098;-26.083;-26.067;-26.051;-26.035;-26.018;-26.001;-25.983;-25.965;-25.947;-25.929;-25.91;-25.891;-25.871;-25.852;-25.832;-25.811;-25.79;-25.769;-25.748;-25.726;-25.704;-25.681;-25.658;-25.635;-25.612;-25.588;-25.564;-25.539;-25.515;-25.49;-25.464;-25.438;-25.412;-25.386;-25.359;-25.332;-25.305;-25.277;-25.249;-25.221;-25.192;-25.164;-25.134;-25.105;-25.075;-25.045;-25.014;-24.984;-24.953;-24.921;-24.89;-24.858;-24.826;-24.793;-24.76;-24.727;-24.694;-24.66;-24.626;-24.592;-24.557;-24.522;-24.487;-24.452;-24.416;-24.38;-24.344;-24.308;-24.271;-24.234;-24.197;-24.159;-24.121;-24.083;-24.045;-24.006;-23.967;-23.928,0;0;0;0;0;0;0;0;0;0;0;0;0;0;0;0;0;0;0;0;0;0;0;0;0;0;0;0;0;0;0;0;0;0;0;0;0;0;0;0;0;0;0;0;0;0;0;0;0;0;0;0;0;0;0;0;0;0;0;0;0;0;0;0;0;0;0;0;0;0;0;0;0;0;0;0;0;0;0;0;0;0;0;0;0;0;0;0;0;0;0;0;0;0;0;0;0;0;0;0;0;0;0;0;0;0;0;0;0;0;0;0;0;0;0;0;0;0;0;0;0;0;0;0;0;0;0;0;0;0;0;0
3,18,6933,100000,2.3,2.026,1,,,,CCD,52846,52926,10,17.543;17.053;16.56;16.064;15.564;15.062;14.557;14.049;13.538;13.024;12.508;11.989;11.468;10.944;10.417;9.889;9.358;8.825;8.29;7.754;7.215;6.675;6.133;5.59;5.045;4.499;3.952;3.404;2.854;2.304;1.754;1.202;0.65;0.098;-0.454;-1.007;-1.56;-2.112;-2.665;-3.217;-3.768;-4.32;-4.87;-5.42;-5.968;-6.516;-7.063;-7.608;-8.152;-8.695;-9.236;-9.775;-10.313;-10.849;-11.382;-11.914;-12.444;-12.971;-13.496;-14.019;-14.539;-15.057;-15.572;-16.084;-16.594;-17.1;-17.604;-18.105;-18.602;-19.097;-19.588,-41.432;-41.433;-41.433;-41.433;-41.433;-41.432;-41.431;-41.429;-41.427;-41.425;-41.422;-41.419;-41.415;-41.411;-41.406;-41.402;-41.396;-41.391;-41.385;-41.378;-41.371;-41.364;-41.356;-41.348;-41.34;-41.331;-41.321;-41.311;-41.301;-41.291;-41.28;-41.268;-41.256;-41.244;-41.232;-41.219;-41.205;-41.191;-41.177;-41.162;-41.147;-41.132;-41.116;-41.099;-41.083;-41.066;-41.048;-41.03;-41.012;-40.993;-40.974;-40.954;-40.934;-40.914;-40.893;-40.872;-40.85;-40.828;-40.806;-40.783;-40.76;-40.736;-40.712;-40.687;-40.663;-40.637;-40.612;-40.586;-40.559;-40.532;-40.505,0;0;0;0;0;0;0;0;0;0;0;0;0;0;0;0;0;0;0;0;0;0;0;0;0;0;0;0;0;0;0;0;0;0;0;0;0;0;0;0;0;0;0;0;0;0;0;0;0;0;0;0;0;0;0;0;0;0;0;0;0;0;0;0;0;0;0;0;0;0;0
3,19,6933,100000,2.3,2.026,1,,,,CCD,53038,53155,10,28.57;28.119;27.663;27.202;26.737;26.266;25.791;25.311;24.826;24.336;23.842;23.343;22.839;22.331;21.818;21.3;20.778;20.251;19.72;19.184;18.644;18.1;17.551;16.999;16.442;15.881;15.316;14.748;14.176;13.6;13.02;12.437;11.851;11.261;10.669;10.073;9.474;8.873;8.269;7.663;7.055;6.444;5.831;5.216;4.6;3.982;3.363;2.742;2.12;1.498;0.874;0.25;-0.374;-0.999;-1.623;-2.248;-2.873;-3.496;-4.12;-4.743;-5.364;-5.985;-6.604;-7.222;-7.839;-8.454;-9.066;-9.677;-10.286;-10.892;-11.496;-12.098;-12.696;-13.292;-13.885;-14.474;-15.061;-15.644;-16.223;-16.799;-17.372;-17.94;-18.505;-19.066;-19.623;-20.175;-20.724;-21.268;-21.808;-22.344;-22.875;-23.402;-23.924;-24.441;-24.954;-25.463;-25.966;-26.465;-26.959;-27.449;-27.933;-28.413;-28.888;-29.358;-29.823;-30.284;-30.739;-31.19,-34.606;-34.604;-34.602;-34.599;-34.596;-34.593;-34.589;-34.585;-34.58;-34.575;-34.57;-34.564;-34.558;-34.551;-34.544;-34.537;-34.529;-34.521;-34.512;-34.503;-34.494;-34.484;-34.474;-34.464;-34.453;-34.441;-34.43;-34.417;-34.405;-34.392;-34.378;-34.365;-34.35;-34.336;-34.321;-34.306;-34.29;-34.274;-34.257;-34.24;-34.223;-34.205;-34.187;-34.168;-34.149;-34.129;-34.11;-34.089;-34.069;-34.048;-34.026;-34.004;-33.982;-33.96;-33.937;-33.913;-33.889;-33.865;-33.84;-33.815;-33.79;-33.764;-33.738;-33.711;-33.684;-33.657;-33.629;-33.601;-33.572;-33.543;-33.514;-33.484;-33.454;-33.423;-33.392;-33.361;-33.329;-33.297;-33.265;-33.232;-33.199;-33.165;-33.131;-33.096;-33.062;-33.027;-32.991;-32.955;-32.919;-32.882;-32.845;-32.808;-32.77;-32.732;-32.693;-32.655;-32.615;-32.576;-32.536;-32.496;-32.455;-32.414;-32.373;-32.331;-32.289;-32.246;-32.204;-32.161,0;0;0;0;0;0;0;0;0;0;0;0;0;0;0;0;0;0;0;0;0;0;0;0;0;0;0;0;0;0;0;0;0;0;0;0;0;0;0;0;0;0;0;0;0;0;0;0;0;0;0;0;0;0;0;0;0;0;0;0;0;0;0;0;0;0;0;0;0;0;0;0;0;0;0;0;0;0;0;0;0;0;0;0;0;0;0;0;0;0;0;0;0;0;0;0;0;0;0;0;0;0;0;0;0;0;0;0
3,20,6933,100000,2.3,2.026,1,,,,CCD,53251,53345,10,21.203;20.718;20.228;19.735;19.237;18.736;18.231;17.722;17.209;16.693;16.173;15.65;15.123;14.593;14.059;13.522;12.982;12.439;11.893;11.343;10.791;10.237;9.679;9.12;8.557;7.993;7.426;6.857;6.286;5.714;5.139;4.563;3.986;3.407;2.827;2.246;1.664;1.081;0.497;-0.087;-0.671;-1.256;-1.841;-2.426;-3.011;-3.595;-4.179;-4.763;-5.346;-5.928;-6.509;-7.089;-7.667;-8.245;-8.82;-9.395;-9.967;-10.538;-11.106;-11.673;-12.237;-12.799;-13.359;-13.916;-14.47;-15.022;-15.57;-16.116;-16.659;-17.199;-17.735;-18.268;-18.798;-19.325;-19.847;-20.367;-20.882;-21.394;-21.903;-22.407;-22.908;-23.404;-23.897;-24.386;-24.87,-39.515;-39.508;-39.501;-39.493;-39.484;-39.476;-39.466;-39.457;-39.447;-39.436;-39.425;-39.414;-39.402;-39.39;-39.377;-39.364;-39.351;-39.337;-39.323;-39.308;-39.293;-39.277;-39.261;-39.245;-39.228;-39.211;-39.193;-39.175;-39.157;-39.138;-39.118;-39.098;-39.078;-39.057;-39.036;-39.015;-38.993;-38.971;-38.948;-38.924;-38.901;-38.877;-38.852;-38.827;-38.802;-38.776;-38.75;-38.723;-38.696;-38.669;-38.641;-38.613;-38.584;-38.555;-38.525;-38.495;-38.465;-38.434;-38.402;-38.371;-38.339;-38.306;-38.273;-38.24;-38.206;-38.172;-38.137;-38.102;-38.067;-38.031;-37.995;-37.958;-37.921;-37.883;-37.846;-37.807;-37.769;-37.73;-37.69;-37.65;-37.61;-37.569;-37.528;-37.487;-37.445,0;0;0;0;0;0;0;0;0;0;0;0;0;0;0;0;0;0;0;0;0;0;0;0;0;0;0;0;0;0;0;0;0;0;0;0;0;0;0;0;0;0;0;0;0;0;0;0;0;0;0;0;0;0;0;0;0;0;0;0;0;0;0;0;0;0;0;0;0;0;0;0;0;0;0;0;0;0;0;0;0;0;0;0;0
3,21,6933,100000,2.3,2.026,1,,,,CCD,53471,53563,10,20.745;20.257;19.764;19.268;18.768;18.264;17.757;17.245;16.73;16.211;15.689;15.163;14.634;14.101;13.565;13.025;12.483;11.937;11.389;10.837;10.283;9.726;9.166;8.604;8.04;7.473;6.905;6.334;5.761;5.186;4.61;4.032;3.453;2.873;2.291;1.708;1.125;0.54;-0.045;-0.63;-1.216;-1.802;-2.388;-2.974;-3.56;-4.145;-4.73;-5.314;-5.898;-6.48;-7.062;-7.642;-8.221;-8.799;-9.375;-9.949;-10.522;-11.093;-11.661;-12.228;-12.792;-13.353;-13.913;-14.469;-15.023;-15.574;-16.122;-16.668;-17.21;-17.749;-18.284;-18.817;-19.345;-19.871;-20.393;-20.911;-21.425;-21.936;-22.443;-22.946;-23.446;-23.941;-24.432,-39.879;-39.868;-39.857;-39.846;-39.835;-39.823;-39.81;-39.797;-39.784;-39.77;-39.756;-39.741;-39.726;-39.711;-39.695;-39.678;-39.662;-39.645;-39.627;-39.609;-39.59;-39.571;-39.552;-39.532;-39.512;-39.491;-39.47;-39.449;-39.427;-39.404;-39.381;-39.358;-39.334;-39.31;-39.286;-39.261;-39.235;-39.209;-39.183;-39.156;-39.129;-39.101;-39.073;-39.045;-39.016;-38.986;-38.957;-38.926;-38.896;-38.865;-38.833;-38.801;-38.769;-38.736;-38.703;-38.669;-38.635;-38.6;-38.565;-38.53;-38.494;-38.458;-38.421;-38.384;-38.347;-38.309;-38.271;-38.232;-38.193;-38.153;-38.113;-38.073;-38.032;-37.99;-37.949;-37.907;-37.864;-37.821;-37.778;-37.734;-37.69;-37.646;-37.601,0;0;0;0;0;0;0;0;0;0;0;0;0;0;0;0;0;0;0;0;0;0;0;0;0;0;0;0;0;0;0;0;0;0;0;0;0;0;0;0;0;0;0;0;0;0;0;0;0;0;0;0;0;0;0;0;0;0;0;0;0;0;0;0;0;0;0;0;0;0;0;0;0;0;0;0;0;0;0;0;0;0;0
3,22,6935,100000,2.3,2.026,1,,,,CCD,64191,64248,10,11.386;10.885;10.381;9.875;9.367;8.857;8.345;7.832;7.316;6.8;6.282;5.762;5.242;4.72;4.197;3.673;3.148;2.622;2.096;1.569;1.041;0.513;-0.015;-0.543;-1.072;-1.6;-2.128;-2.656;-3.184;-3.712;-4.238;-4.765;-5.29;-5.815;-6.338;-6.861;-7.383;-7.903;-8.422;-8.94;-9.456;-9.971;-10.484;-10.995;-11.504;-12.012;-12.517;-13.021,-43.533;-43.532;-43.531;-43.53;-43.528;-43.525;-43.523;-43.52;-43.516;-43.512;-43.508;-43.503;-43.498;-43.492;-43.486;-43.48;-43.473;-43.466;-43.458;-43.45;-43.442;-43.433;-43.423;-43.414;-43.404;-43.393;-43.382;-43.371;-43.359;-43.347;-43.335;-43.322;-43.309;-43.295;-43.281;-43.266;-43.251;-43.236;-43.22;-43.204;-43.187;-43.17;-43.153;-43.135;-43.117;-43.099;-43.08;-43.06,0;0;0;0;0;0;0;0;0;0;0;0;0;0;0;0;0;0;0;0;0;0;0;0;0;0;0;0;0;0;0;0;0;0;0;0;0;0;0;0;0;0;0;0;0;0;0;0
3,23,6934,100000,2.3,2.026,1,,,,CCD,58631,58772,10,36.31;35.906;35.497;35.082;34.662;34.237;33.806;33.37;32.928;32.481;32.028;31.569;31.105;30.635;30.16;29.678;29.191;28.698;28.2;27.696;27.186;26.67;26.148;25.621;25.088;24.549;24.005;23.455;22.899;22.338;21.771;21.199;20.621;20.038;19.45;18.856;18.258;17.654;17.045;16.432;15.814;15.191;14.564;13.932;13.296;12.656;12.012;11.365;10.713;10.058;9.4;8.739;8.075;7.408;6.738;6.066;5.392;4.716;4.038;3.359;2.678;1.996;1.313;0.629;-0.055;-0.739;-1.424;-2.108;-2.792;-3.475;-4.157;-4.839;-5.519;-6.197;-6.874;-7.549;-8.222;-8.893;-9.561;-10.226;-10.889;-11.548;-12.205;-12.857;-13.507;-14.152;-14.794;-15.431;-16.065;-16.694;-17.318;-17.938;-18.554;-19.164;-19.77;-20.37;-20.966;-21.556;-22.141;-22.721;-23.295;-23.864;-24.428;-24.985;-25.538;-26.084;-26.625;-27.16;-27.689;-28.213;-28.731;-29.243;-29.749;-30.25;-30.744;-31.233;-31.717;-32.194;-32.666;-33.132;-33.592;-34.047;-34.496;-34.939;-35.377;-35.809;-36.236;-36.658;-37.074;-37.484;-37.89;-38.29,-26.391;-26.389;-26.388;-26.385;-26.383;-26.38;-26.376;-26.373;-26.369;-26.365;-26.36;-26.355;-26.35;-26.344;-26.338;-26.332;-26.325;-26.318;-26.311;-26.303;-26.295;-26.287;-26.278;-26.269;-26.26;-26.25;-26.24;-26.23;-26.219;-26.208;-26.196;-26.184;-26.172;-26.16;-26.147;-26.134;-26.12;-26.106;-26.092;-26.078;-26.063;-26.047;-26.032;-26.016;-26;-25.983;-25.966;-25.949;-25.931;-25.913;-25.894;-25.876;-25.857;-25.837;-25.818;-25.797;-25.777;-25.756;-25.735;-25.714;-25.692;-25.67;-25.647;-25.624;-25.601;-25.578;-25.554;-25.53;-25.505;-25.48;-25.455;-25.429;-25.404;-25.377;-25.351;-25.324;-25.297;-25.269;-25.241;-25.213;-25.185;-25.156;-25.127;-25.097;-25.067;-25.037;-25.007;-24.976;-24.945;-24.914;-24.882;-24.85;-24.817;-24.785;-24.752;-24.719;-24.685;-24.651;-24.617;-24.582;-24.548;-24.513;-24.477;-24.441;-24.405;-24.369;-24.333;-24.296;-24.259;-24.221;-24.183;-24.145;-24.107;-24.069;-24.03;-23.991;-23.951;-23.912;-23.872;-23.831;-23.791;-23.75;-23.709;-23.668;-23.626;-23.585;-23.543;-23.5;-23.458;-23.415;-23.372;-23.329,0;0;0;0;0;0;0;0;0;0;0;0;0;0;0;0;0;0;0;0;0;0;0;0;0;0;0;0;0;0;0;0;0;0;0;0;0;0;0;0;0;0;0;0;0;0;0;0;0;0;0;0;0;0;0;0;0;0;0;0;0;0;0;0;0;0;0;0;0;0;0;0;0;0;0;0;0;0;0;0;0;0;0;0;0;0;0;0;0;0;0;0;0;0;0;0;0;0;0;0;0;0;0;0;0;0;0;0;0;0;0;0;0;0;0;0;0;0;0;0;0;0;0;0;0;0;0;0;0;0;0;0
3,24,6934,100000,2.3,2.026,1,,,,CCD,58886,58994,10,25.699;25.232;24.76;24.284;23.803;23.318;22.828;22.334;21.835;21.332;20.825;20.313;19.797;19.276;18.751;18.223;17.69;17.153;16.612;16.067;15.519;14.967;14.411;13.851;13.288;12.722;12.152;11.579;11.003;10.424;9.842;9.258;8.671;8.081;7.489;6.895;6.299;5.7;5.1;4.498;3.895;3.29;2.684;2.077;1.469;0.86;0.251;-0.359;-0.969;-1.58;-2.19;-2.8;-3.41;-4.02;-4.628;-5.237;-5.844;-6.45;-7.055;-7.658;-8.26;-8.86;-9.459;-10.055;-10.649;-11.242;-11.831;-12.419;-13.003;-13.585;-14.164;-14.74;-15.313;-15.883;-16.45;-17.013;-17.572;-18.129;-18.681;-19.23;-19.774;-20.315;-20.852;-21.385;-21.914;-22.439;-22.959;-23.475;-23.987;-24.495;-24.998;-25.496;-25.99;-26.48;-26.965;-27.446;-27.922;-28.393;-28.86,-36.693;-36.688;-36.683;-36.676;-36.67;-36.663;-36.656;-36.648;-36.64;-36.632;-36.623;-36.613;-36.604;-36.594;-36.583;-36.572;-36.561;-36.549;-36.537;-36.524;-36.511;-36.498;-36.484;-36.47;-36.455;-36.44;-36.424;-36.408;-36.392;-36.375;-36.358;-36.341;-36.323;-36.304;-36.285;-36.266;-36.246;-36.226;-36.206;-36.185;-36.164;-36.142;-36.12;-36.097;-36.074;-36.051;-36.027;-36.002;-35.978;-35.953;-35.927;-35.901;-35.875;-35.848;-35.821;-35.793;-35.765;-35.737;-35.708;-35.679;-35.649;-35.619;-35.589;-35.558;-35.527;-35.495;-35.463;-35.43;-35.397;-35.364;-35.33;-35.296;-35.262;-35.227;-35.192;-35.156;-35.12;-35.083;-35.046;-35.009;-34.972;-34.933;-34.895;-34.856;-34.817;-34.777;-34.737;-34.697;-34.656;-34.615;-34.573;-34.532;-34.489;-34.447;-34.404;-34.36;-34.316;-34.272;-34.228,0;0;0;0;0;0;0;0;0;0;0;0;0;0;0;0;0;0;0;0;0;0;0;0;0;0;0;0;0;0;0;0;0;0;0;0;0;0;0;0;0;0;0;0;0;0;0;0;0;0;0;0;0;0;0;0;0;0;0;0;0;0;0;0;0;0;0;0;0;0;0;0;0;0;0;0;0;0;0;0;0;0;0;0;0;0;0;0;0;0;0;0;0;0;0;0;0;0;0
3,25,6934,100000,2.3,2.026,1,,,,CCD,59164,59252,10,19.402;18.91;18.413;17.913;17.41;16.903;16.392;15.877;15.36;14.838;14.314;13.786;13.255;12.721;12.183;11.643;11.1;10.555;10.006;9.455;8.902;8.346;7.788;7.227;6.665;6.101;5.534;4.967;4.397;3.826;3.254;2.68;2.106;1.53;0.954;0.377;-0.201;-0.779;-1.357;-1.936;-2.514;-3.093;-3.671;-4.249;-4.826;-5.403;-5.979;-6.554;-7.128;-7.701;-8.272;-8.843;-9.411;-9.978;-10.544;-11.107;-11.668;-12.228;-12.785;-13.339;-13.892;-14.441;-14.988;-15.533;-16.074;-16.613;-17.148;-17.681;-18.21;-18.736;-19.259;-19.779;-20.295;-20.807;-21.316;-21.821;-22.323;-22.82;-23.314,-40.561;-40.551;-40.54;-40.529;-40.517;-40.505;-40.492;-40.479;-40.466;-40.452;-40.438;-40.423;-40.408;-40.392;-40.376;-40.36;-40.343;-40.326;-40.308;-40.29;-40.271;-40.252;-40.233;-40.213;-40.192;-40.172;-40.15;-40.129;-40.107;-40.084;-40.061;-40.038;-40.014;-39.99;-39.965;-39.94;-39.914;-39.888;-39.862;-39.835;-39.808;-39.78;-39.752;-39.723;-39.694;-39.665;-39.635;-39.605;-39.574;-39.543;-39.511;-39.479;-39.447;-39.414;-39.38;-39.347;-39.312;-39.278;-39.243;-39.207;-39.171;-39.135;-39.098;-39.061;-39.024;-38.986;-38.947;-38.908;-38.869;-38.829;-38.789;-38.749;-38.708;-38.666;-38.625;-38.582;-38.54;-38.497;-38.453,0;0;0;0;0;0;0;0;0;0;0;0;0;0;0;0;0;0;0;0;0;0;0;0;0;0;0;0;0;0;0;0;0;0;0;0;0;0;0;0;0;0;0;0;0;0;0;0;0;0;0;0;0;0;0;0;0;0;0;0;0;0;0;0;0;0;0;0;0;0;0;0;0;0;0;0;0;0;0
3,26,6934,100000,2.3,2.026,1,,,,CCD,59379,59455,10,16.035;15.531;15.025;14.515;14.002;13.486;12.967;12.445;11.92;11.392;10.861;10.328;9.793;9.254;8.714;8.171;7.626;7.079;6.53;5.979;5.426;4.872;4.316;3.759;3.2;2.641;2.08;1.518;0.955;0.392;-0.172;-0.736;-1.301;-1.866;-2.431;-2.996;-3.561;-4.126;-4.69;-5.254;-5.817;-6.379;-6.94;-7.501;-8.06;-8.618;-9.174;-9.729;-10.283;-10.835;-11.385;-11.933;-12.479;-13.022;-13.564;-14.103;-14.64;-15.175;-15.706;-16.235;-16.762;-17.285;-17.806;-18.323;-18.838;-19.349;-19.857,-41.978;-41.964;-41.951;-41.937;-41.922;-41.908;-41.892;-41.876;-41.86;-41.844;-41.827;-41.809;-41.791;-41.773;-41.754;-41.735;-41.715;-41.695;-41.674;-41.653;-41.632;-41.61;-41.588;-41.565;-41.542;-41.518;-41.494;-41.47;-41.445;-41.419;-41.393;-41.367;-41.34;-41.313;-41.286;-41.258;-41.229;-41.2;-41.171;-41.141;-41.111;-41.08;-41.049;-41.018;-40.986;-40.953;-40.92;-40.887;-40.854;-40.819;-40.785;-40.75;-40.714;-40.678;-40.642;-40.605;-40.568;-40.531;-40.493;-40.454;-40.415;-40.376;-40.336;-40.296;-40.256;-40.215;-40.173,0;0;0;0;0;0;0;0;0;0;0;0;0;0;0;0;0;0;0;0;0;0;0;0;0;0;0;0;0;0;0;0;0;0;0;0;0;0;0;0;0;0;0;0;0;0;0;0;0;0;0;0;0;0;0;0;0;0;0;0;0;0;0;0;0;0;0
3,27,6934,100000,2.3,2.026,1,,,,CCD,59624,59706,10,17.504;17.006;16.503;15.998;15.488;14.976;14.46;13.941;13.419;12.894;12.365;11.834;11.3;10.763;10.224;9.682;9.137;8.59;8.041;7.49;6.936;6.381;5.823;5.264;4.703;4.141;3.577;3.012;2.446;1.879;1.311;0.742;0.172;-0.398;-0.969;-1.54;-2.111;-2.682;-3.253;-3.824;-4.394;-4.964;-5.533;-6.102;-6.67;-7.237;-7.802;-8.367;-8.93;-9.491;-10.051;-10.61;-11.166;-11.721;-12.273;-12.824;-13.372;-13.917;-14.461;-15.002;-15.54;-16.075;-16.608;-17.137;-17.664;-18.188;-18.708;-19.226;-19.74;-20.25;-20.758;-21.261;-21.762,-41.246;-41.233;-41.219;-41.206;-41.192;-41.177;-41.162;-41.147;-41.131;-41.115;-41.098;-41.081;-41.063;-41.045;-41.027;-41.008;-40.988;-40.969;-40.948;-40.928;-40.907;-40.885;-40.863;-40.841;-40.818;-40.795;-40.771;-40.747;-40.722;-40.697;-40.672;-40.646;-40.62;-40.593;-40.566;-40.538;-40.51;-40.481;-40.452;-40.423;-40.393;-40.363;-40.332;-40.301;-40.269;-40.237;-40.205;-40.172;-40.139;-40.105;-40.071;-40.036;-40.001;-39.966;-39.93;-39.893;-39.857;-39.819;-39.782;-39.744;-39.705;-39.666;-39.627;-39.587;-39.547;-39.506;-39.465;-39.424;-39.382;-39.34;-39.297;-39.254;-39.21,0;0;0;0;0;0;0;0;0;0;0;0;0;0;0;0;0;0;0;0;0;0;0;0;0;0;0;0;0;0;0;0;0;0;0;0;0;0;0;0;0;0;0;0;0;0;0;0;0;0;0;0;0;0;0;0;0;0;0;0;0;0;0;0;0;0;0;0;0;0;0;0;0
3,28,6924,100000,2.3,2.026,1,,,,CCD,1567,1627,10,12.106;11.602;11.097;10.589;10.079;9.566;9.052;8.536;8.018;7.498;6.976;6.453;5.928;5.402;4.875;4.346;3.817;3.286;2.754;2.222;1.688;1.154;0.62;0.085;-0.45;-0.985;-1.52;-2.056;-2.591;-3.126;-3.66;-4.194;-4.728;-5.261;-5.793;-6.324;-6.855;-7.384;-7.912;-8.439;-8.964;-9.488;-10.011;-10.531;-11.05;-11.568;-12.083;-12.596;-13.108;-13.617;-14.124,-43.325;-43.32;-43.315;-43.31;-43.305;-43.299;-43.292;-43.285;-43.278;-43.27;-43.262;-43.254;-43.245;-43.236;-43.226;-43.216;-43.205;-43.194;-43.183;-43.171;-43.159;-43.146;-43.133;-43.12;-43.106;-43.092;-43.077;-43.062;-43.046;-43.031;-43.014;-42.997;-42.98;-42.963;-42.945;-42.926;-42.908;-42.888;-42.869;-42.849;-42.828;-42.807;-42.786;-42.764;-42.742;-42.72;-42.697;-42.673;-42.65;-42.626;-42.601,0;0;0;0;0;0;0;0;0;0;0;0;0;0;0;0;0;0;0;0;0;0;0;0;0;0;0;0;0;0;0;0;0;0;0;0;0;0;0;0;0;0;0;0;0;0;0;0;0;0;0
3,29,6934,100000,2.3,2.026,1,,,,CCD,59878,59980,10,23.353;22.88;22.403;21.921;21.435;20.946;20.451;19.953;19.451;18.944;18.434;17.92;17.402;16.88;16.354;15.824;15.291;14.755;14.214;13.671;13.124;12.574;12.021;11.464;10.905;10.343;9.778;9.21;8.64;8.067;7.493;6.915;6.336;5.755;5.172;4.588;4.001;3.414;2.825;2.235;1.644;1.052;0.459;-0.134;-0.728;-1.322;-1.916;-2.51;-3.104;-3.698;-4.291;-4.884;-5.476;-6.067;-6.657;-7.246;-7.834;-8.42;-9.005;-9.588;-10.17;-10.749;-11.326;-11.901;-12.474;-13.045;-13.612;-14.178;-14.74;-15.3;-15.856;-16.41;-16.96;-17.507;-18.051;-18.591;-19.128;-19.662;-20.191;-20.717;-21.239;-21.758;-22.272;-22.783;-23.289;-23.791;-24.29;-24.784;-25.274;-25.76;-26.241;-26.718;-27.191,-38.313;-38.304;-38.295;-38.285;-38.274;-38.263;-38.252;-38.24;-38.228;-38.216;-38.203;-38.189;-38.176;-38.161;-38.147;-38.132;-38.116;-38.1;-38.084;-38.067;-38.05;-38.033;-38.015;-37.996;-37.977;-37.958;-37.938;-37.918;-37.898;-37.877;-37.855;-37.833;-37.811;-37.788;-37.765;-37.742;-37.718;-37.693;-37.668;-37.643;-37.617;-37.591;-37.565;-37.538;-37.51;-37.483;-37.454;-37.426;-37.397;-37.367;-37.337;-37.307;-37.276;-37.245;-37.213;-37.181;-37.149;-37.116;-37.083;-37.049;-37.015;-36.98;-36.945;-36.91;-36.874;-36.838;-36.801;-36.764;-36.727;-36.689;-36.651;-36.612;-36.573;-36.533;-36.493;-36.453;-36.412;-36.371;-36.33;-36.288;-36.246;-36.203;-36.16;-36.116;-36.072;-36.028;-35.983;-35.938;-35.893;-35.847;-35.801;-35.754;-35.707,0;0;0;0;0;0;0;0;0;0;0;0;0;0;0;0;0;0;0;0;0;0;0;0;0;0;0;0;0;0;0;0;0;0;0;0;0;0;0;0;0;0;0;0;0;0;0;0;0;0;0;0;0;0;0;0;0;0;0;0;0;0;0;0;0;0;0;0;0;0;0;0;0;0;0;0;0;0;0;0;0;0;0;0;0;0;0;0;0;0;0;0;0
3,30,6925,100000,2.3,2.026,1,,,,CCD,7101,7179,10,17.062;16.571;16.077;15.58;15.08;14.576;14.071;13.562;13.05;12.536;12.02;11.501;10.979;10.455;9.929;9.401;8.871;8.339;7.805;7.269;6.731;6.192;5.652;5.11;4.567;4.023;3.477;2.931;2.384;1.837;1.288;0.74;0.19;-0.359;-0.908;-1.458;-2.007;-2.557;-3.105;-3.654;-4.202;-4.749;-5.295;-5.841;-6.385;-6.929;-7.471;-8.012;-8.551;-9.089;-9.625;-10.16;-10.693;-11.223;-11.752;-12.279;-12.803;-13.325;-13.845;-14.362;-14.877;-15.389;-15.899;-16.405;-16.909;-17.41;-17.908;-18.403;-18.895,-41.492;-41.494;-41.496;-41.498;-41.499;-41.5;-41.5;-41.5;-41.5;-41.499;-41.498;-41.496;-41.494;-41.492;-41.489;-41.486;-41.482;-41.478;-41.474;-41.469;-41.463;-41.458;-41.452;-41.445;-41.438;-41.431;-41.423;-41.415;-41.407;-41.398;-41.389;-41.379;-41.369;-41.358;-41.347;-41.336;-41.324;-41.312;-41.299;-41.286;-41.273;-41.259;-41.245;-41.23;-41.215;-41.2;-41.184;-41.168;-41.151;-41.134;-41.117;-41.099;-41.081;-41.062;-41.043;-41.023;-41.003;-40.983;-40.963;-40.941;-40.92;-40.898;-40.876;-40.853;-40.83;-40.807;-40.783;-40.759;-40.734,0;0;0;0;0;0;0;0;0;0;0;0;0;0;0;0;0;0;0;0;0;0;0;0;0;0;0;0;0;0;0;0;0;0;0;0;0;0;0;0;0;0;0;0;0;0;0;0;0;0;0;0;0;0;0;0;0;0;0;0;0;0;0;0;0;0;0;0;0
3,31,6935,100000,2.3,2.026,1,,,,CCD,65126,65204,10,16.452;15.949;15.442;14.932;14.419;13.903;13.384;12.861;12.336;11.808;11.276;10.743;10.206;9.667;9.125;8.582;8.035;7.487;6.937;6.384;5.83;5.274;4.716;4.157;3.597;3.035;2.472;1.908;1.343;0.777;0.211;-0.356;-0.924;-1.492;-2.06;-2.628;-3.196;-3.763;-4.331;-4.898;-5.464;-6.03;-6.594;-7.158;-7.721;-8.283;-8.843;-9.402;-9.959;-10.515;-11.069;-11.621;-12.171;-12.719;-13.264;-13.808;-14.349;-14.887;-15.423;-15.956;-16.487;-17.014;-17.539;-18.061;-18.579;-19.095;-19.607;-20.116;-20.622,-41.71;-41.697;-41.683;-41.669;-41.655;-41.64;-41.624;-41.608;-41.592;-41.575;-41.558;-41.54;-41.522;-41.504;-41.485;-41.466;-41.446;-41.425;-41.405;-41.384;-41.362;-41.34;-41.318;-41.295;-41.271;-41.248;-41.224;-41.199;-41.174;-41.148;-41.122;-41.096;-41.069;-41.042;-41.014;-40.986;-40.957;-40.928;-40.899;-40.869;-40.839;-40.808;-40.777;-40.745;-40.713;-40.68;-40.647;-40.614;-40.58;-40.546;-40.511;-40.476;-40.44;-40.404;-40.368;-40.331;-40.294;-40.256;-40.218;-40.179;-40.14;-40.101;-40.061;-40.021;-39.98;-39.939;-39.897;-39.855;-39.813,0;0;0;0;0;0;0;0;0;0;0;0;0;0;0;0;0;0;0;0;0;0;0;0;0;0;0;0;0;0;0;0;0;0;0;0;0;0;0;0;0;0;0;0;0;0;0;0;0;0;0;0;0;0;0;0;0;0;0;0;0;0;0;0;0;0;0;0;0
3,32,6930,100000,2.3,2.026,1,,,,CCD,35896,36021,10,31.196;30.76;30.318;29.871;29.419;28.962;28.5;28.033;27.56;27.083;26.6;26.113;25.62;25.122;24.619;24.112;23.599;23.081;22.558;22.03;21.497;20.96;20.417;19.87;19.318;18.762;18.201;17.635;17.065;16.491;15.913;15.33;14.743;14.152;13.558;12.959;12.357;11.752;11.143;10.531;9.916;9.298;8.677;8.053;7.427;6.798;6.167;5.534;4.899;4.263;3.625;2.985;2.345;1.703;1.061;0.417;-0.226;-0.87;-1.514;-2.158;-2.802;-3.445;-4.087;-4.729;-5.37;-6.009;-6.647;-7.284;-7.919;-8.552;-9.183;-9.812;-10.439;-11.063;-11.684;-12.302;-12.918;-13.53;-14.139;-14.745;-15.348;-15.946;-16.541;-17.132;-17.719;-18.302;-18.881;-19.456;-20.026;-20.592;-21.153;-21.71;-22.262;-22.809;-23.352;-23.89;-24.423;-24.951;-25.474;-25.992;-26.505;-27.013;-27.516;-28.014;-28.506;-28.994;-29.476;-29.954;-30.426;-30.893;-31.355;-31.812;-32.264;-32.711;-33.152;-33.589,-32.329;-32.327;-32.325;-32.323;-32.32;-32.316;-32.312;-32.308;-32.304;-32.299;-32.293;-32.288;-32.282;-32.275;-32.268;-32.261;-32.253;-32.245;-32.237;-32.228;-32.219;-32.21;-32.2;-32.189;-32.179;-32.167;-32.156;-32.144;-32.132;-32.119;-32.106;-32.093;-32.079;-32.065;-32.05;-32.035;-32.02;-32.004;-31.988;-31.971;-31.954;-31.937;-31.919;-31.901;-31.882;-31.863;-31.844;-31.824;-31.804;-31.784;-31.763;-31.741;-31.72;-31.698;-31.675;-31.652;-31.629;-31.606;-31.582;-31.557;-31.532;-31.507;-31.482;-31.456;-31.429;-31.403;-31.376;-31.348;-31.32;-31.292;-31.263;-31.234;-31.205;-31.175;-31.145;-31.115;-31.084;-31.052;-31.021;-30.989;-30.956;-30.924;-30.89;-30.857;-30.823;-30.789;-30.754;-30.719;-30.684;-30.648;-30.612;-30.576;-30.539;-30.502;-30.465;-30.427;-30.389;-30.35;-30.311;-30.272;-30.233;-30.193;-30.152;-30.112;-30.071;-30.03;-29.988;-29.946;-29.904;-29.861;-29.818;-29.775;-29.732;-29.688;-29.644;-29.599,0;0;0;0;0;0;0;0;0;0;0;0;0;0;0;0;0;0;0;0;0;0;0;0;0;0;0;0;0;0;0;0;0;0;0;0;0;0;0;0;0;0;0;0;0;0;0;0;0;0;0;0;0;0;0;0;0;0;0;0;0;0;0;0;0;0;0;0;0;0;0;0;0;0;0;0;0;0;0;0;0;0;0;0;0;0;0;0;0;0;0;0;0;0;0;0;0;0;0;0;0;0;0;0;0;0;0;0;0;0;0;0;0;0;0;0
3,33,6935,100000,2.3,2.026,1,,,,CCD,64947,65030,10,18.081;17.583;17.082;16.577;16.069;15.557;15.042;14.523;14.002;13.477;12.949;12.418;11.884;11.347;10.807;10.265;9.72;9.172;8.623;8.07;7.516;6.96;6.401;5.841;5.279;4.715;4.15;3.583;3.015;2.446;1.876;1.305;0.733;0.161;-0.413;-0.986;-1.56;-2.134;-2.707;-3.281;-3.855;-4.428;-5;-5.572;-6.143;-6.714;-7.283;-7.851;-8.418;-8.983;-9.547;-10.109;-10.67;-11.229;-11.785;-12.34;-12.892;-13.442;-13.99;-14.535;-15.078;-15.618;-16.155;-16.689;-17.22;-17.749;-18.274;-18.796;-19.315;-19.83;-20.342;-20.85;-21.355;-21.857,-41.094;-41.082;-41.07;-41.057;-41.044;-41.031;-41.017;-41.003;-40.989;-40.973;-40.958;-40.942;-40.926;-40.909;-40.892;-40.874;-40.856;-40.837;-40.818;-40.799;-40.779;-40.759;-40.738;-40.717;-40.695;-40.673;-40.651;-40.628;-40.604;-40.581;-40.556;-40.532;-40.507;-40.481;-40.455;-40.429;-40.402;-40.375;-40.347;-40.319;-40.29;-40.261;-40.232;-40.202;-40.171;-40.141;-40.11;-40.078;-40.046;-40.013;-39.98;-39.947;-39.913;-39.879;-39.844;-39.809;-39.774;-39.738;-39.701;-39.665;-39.627;-39.59;-39.552;-39.513;-39.474;-39.435;-39.395;-39.355;-39.314;-39.273;-39.232;-39.19;-39.148;-39.105,0;0;0;0;0;0;0;0;0;0;0;0;0;0;0;0;0;0;0;0;0;0;0;0;0;0;0;0;0;0;0;0;0;0;0;0;0;0;0;0;0;0;0;0;0;0;0;0;0;0;0;0;0;0;0;0;0;0;0;0;0;0;0;0;0;0;0;0;0;0;0;0;0;0
3,34,6935,100000,2.3,2.026,1,,,,CCD,64716,64824,10,25.685;25.217;24.744;24.266;23.784;23.298;22.807;22.311;21.811;21.306;20.797;20.283;19.766;19.243;18.717;18.186;17.652;17.113;16.57;16.023;15.472;14.918;14.36;13.798;13.233;12.664;12.092;11.516;10.938;10.356;9.772;9.185;8.595;8.003;7.408;6.811;6.212;5.61;5.007;4.402;3.796;3.188;2.579;1.969;1.358;0.746;0.134;-0.479;-1.093;-1.706;-2.32;-2.933;-3.547;-4.159;-4.771;-5.382;-5.993;-6.602;-7.21;-7.816;-8.422;-9.025;-9.626;-10.226;-10.823;-11.418;-12.011;-12.601;-13.189;-13.774;-14.355;-14.934;-15.51;-16.083;-16.652;-17.217;-17.78;-18.338;-18.893;-19.444;-19.991;-20.535;-21.074;-21.609;-22.14;-22.667;-23.189;-23.707;-24.221;-24.73;-25.235;-25.736;-26.232;-26.723;-27.21;-27.692;-28.169;-28.642;-29.111,-36.738;-36.73;-36.722;-36.713;-36.705;-36.695;-36.686;-36.676;-36.665;-36.654;-36.643;-36.631;-36.619;-36.606;-36.593;-36.58;-36.566;-36.552;-36.537;-36.522;-36.507;-36.491;-36.474;-36.457;-36.44;-36.423;-36.405;-36.386;-36.367;-36.348;-36.328;-36.308;-36.287;-36.267;-36.245;-36.223;-36.201;-36.178;-36.155;-36.132;-36.108;-36.083;-36.058;-36.033;-36.008;-35.982;-35.955;-35.928;-35.901;-35.873;-35.845;-35.816;-35.787;-35.758;-35.728;-35.698;-35.667;-35.636;-35.604;-35.573;-35.54;-35.507;-35.474;-35.441;-35.407;-35.372;-35.337;-35.302;-35.267;-35.231;-35.194;-35.157;-35.12;-35.082;-35.044;-35.006;-34.967;-34.928;-34.888;-34.848;-34.807;-34.767;-34.725;-34.684;-34.642;-34.599;-34.556;-34.513;-34.47;-34.426;-34.381;-34.337;-34.291;-34.246;-34.2;-34.154;-34.107;-34.06;-34.013,0;0;0;0;0;0;0;0;0;0;0;0;0;0;0;0;0;0;0;0;0;0;0;0;0;0;0;0;0;0;0;0;0;0;0;0;0;0;0;0;0;0;0;0;0;0;0;0;0;0;0;0;0;0;0;0;0;0;0;0;0;0;0;0;0;0;0;0;0;0;0;0;0;0;0;0;0;0;0;0;0;0;0;0;0;0;0;0;0;0;0;0;0;0;0;0;0;0;0
3,35,6935,100000,2.3,2.026,1,,,,CCD,64408,64539,10,33.164;32.739;32.31;31.875;31.436;30.991;30.54;30.085;29.624;29.158;28.687;28.21;27.728;27.24;26.748;26.25;25.746;25.238;24.724;24.205;23.68;23.151;22.616;22.076;21.531;20.981;20.425;19.865;19.3;18.73;18.156;17.577;16.993;16.404;15.812;15.215;14.613;14.008;13.399;12.786;12.169;11.548;10.924;10.297;9.666;9.033;8.397;7.758;7.116;6.472;5.826;5.178;4.528;3.876;3.223;2.569;1.913;1.257;0.6;-0.058;-0.716;-1.374;-2.032;-2.69;-3.347;-4.003;-4.659;-5.314;-5.967;-6.619;-7.269;-7.918;-8.564;-9.209;-9.851;-10.49;-11.127;-11.761;-12.392;-13.02;-13.645;-14.266;-14.883;-15.497;-16.107;-16.713;-17.315;-17.913;-18.507;-19.096;-19.68;-20.26;-20.836;-21.406;-21.972;-22.533;-23.089;-23.64;-24.185;-24.726;-25.262;-25.792;-26.317;-26.837;-27.351;-27.861;-28.365;-28.863;-29.356;-29.844;-30.327;-30.804;-31.276;-31.743;-32.204;-32.66;-33.11;-33.555;-33.996;-34.43;-34.86;-35.284,-30.385;-30.383;-30.381;-30.379;-30.376;-30.373;-30.369;-30.366;-30.361;-30.357;-30.352;-30.347;-30.341;-30.335;-30.329;-30.322;-30.315;-30.307;-30.299;-30.291;-30.283;-30.274;-30.264;-30.254;-30.244;-30.234;-30.223;-30.212;-30.2;-30.188;-30.176;-30.163;-30.15;-30.136;-30.122;-30.108;-30.093;-30.078;-30.063;-30.047;-30.031;-30.015;-29.998;-29.98;-29.963;-29.945;-29.926;-29.907;-29.888;-29.868;-29.849;-29.828;-29.807;-29.786;-29.765;-29.743;-29.721;-29.698;-29.675;-29.652;-29.628;-29.604;-29.58;-29.555;-29.53;-29.504;-29.478;-29.452;-29.425;-29.398;-29.371;-29.343;-29.315;-29.286;-29.257;-29.228;-29.198;-29.168;-29.138;-29.107;-29.076;-29.045;-29.013;-28.981;-28.949;-28.916;-28.883;-28.849;-28.815;-28.781;-28.746;-28.711;-28.676;-28.64;-28.604;-28.568;-28.532;-28.495;-28.457;-28.42;-28.382;-28.343;-28.305;-28.266;-28.226;-28.187;-28.147;-28.107;-28.066;-28.025;-27.984;-27.942;-27.901;-27.858;-27.816;-27.773;-27.73;-27.687;-27.643;-27.599;-27.555;-27.51,0;0;0;0;0;0;0;0;0;0;0;0;0;0;0;0;0;0;0;0;0;0;0;0;0;0;0;0;0;0;0;0;0;0;0;0;0;0;0;0;0;0;0;0;0;0;0;0;0;0;0;0;0;0;0;0;0;0;0;0;0;0;0;0;0;0;0;0;0;0;0;0;0;0;0;0;0;0;0;0;0;0;0;0;0;0;0;0;0;0;0;0;0;0;0;0;0;0;0;0;0;0;0;0;0;0;0;0;0;0;0;0;0;0;0;0;0;0;0;0;0;0
3,36,6936,100000,2.3,2.026,1,,,,CCD,70619,70706,10,19.189;18.695;18.198;17.698;17.193;16.685;16.173;15.658;15.14;14.618;14.092;13.564;13.032;12.498;11.96;11.419;10.876;10.33;9.781;9.229;8.676;8.119;7.561;7;6.438;5.873;5.307;4.739;4.17;3.599;3.027;2.454;1.879;1.304;0.728;0.151;-0.426;-1.004;-1.582;-2.16;-2.738;-3.316;-3.893;-4.47;-5.047;-5.623;-6.198;-6.772;-7.346;-7.918;-8.488;-9.058;-9.625;-10.191;-10.755;-11.318;-11.878;-12.436;-12.992;-13.545;-14.096;-14.645;-15.19;-15.733;-16.274;-16.811;-17.345;-17.876;-18.404;-18.929;-19.45;-19.968;-20.482;-20.993;-21.501;-22.004;-22.504;-23,-40.674;-40.663;-40.652;-40.64;-40.628;-40.615;-40.602;-40.589;-40.575;-40.56;-40.546;-40.531;-40.515;-40.499;-40.482;-40.466;-40.448;-40.43;-40.412;-40.394;-40.375;-40.355;-40.335;-40.315;-40.294;-40.273;-40.251;-40.229;-40.206;-40.183;-40.16;-40.136;-40.112;-40.087;-40.062;-40.036;-40.01;-39.984;-39.957;-39.929;-39.902;-39.873;-39.845;-39.816;-39.786;-39.756;-39.726;-39.695;-39.664;-39.632;-39.6;-39.567;-39.534;-39.501;-39.467;-39.433;-39.398;-39.363;-39.327;-39.291;-39.255;-39.218;-39.181;-39.143;-39.105;-39.067;-39.028;-38.988;-38.948;-38.908;-38.868;-38.827;-38.785;-38.743;-38.701;-38.658;-38.615;-38.572,0;0;0;0;0;0;0;0;0;0;0;0;0;0;0;0;0;0;0;0;0;0;0;0;0;0;0;0;0;0;0;0;0;0;0;0;0;0;0;0;0;0;0;0;0;0;0;0;0;0;0;0;0;0;0;0;0;0;0;0;0;0;0;0;0;0;0;0;0;0;0;0;0;0;0;0;0;0
3,37,6937,100000,2.3,2.026,1,,,,CCD,76726,76797,10,14.273;13.766;13.256;12.744;12.228;11.71;11.189;10.665;10.139;9.611;9.08;8.546;8.011;7.473;6.934;6.393;5.849;5.304;4.758;4.21;3.661;3.11;2.558;2.005;1.452;0.897;0.342;-0.214;-0.77;-1.327;-1.884;-2.441;-2.997;-3.554;-4.111;-4.667;-5.222;-5.777;-6.332;-6.885;-7.438;-7.989;-8.539;-9.088;-9.635;-10.181;-10.726;-11.268;-11.809;-12.348;-12.884;-13.419;-13.951;-14.481;-15.009;-15.534;-16.057;-16.577;-17.094;-17.608;-18.119;-18.628,-42.61;-42.596;-42.581;-42.567;-42.551;-42.536;-42.52;-42.503;-42.486;-42.469;-42.451;-42.432;-42.414;-42.395;-42.375;-42.355;-42.334;-42.313;-42.292;-42.27;-42.248;-42.225;-42.202;-42.179;-42.155;-42.13;-42.105;-42.08;-42.054;-42.028;-42.002;-41.974;-41.947;-41.919;-41.891;-41.862;-41.833;-41.803;-41.773;-41.742;-41.711;-41.68;-41.648;-41.616;-41.583;-41.55;-41.516;-41.482;-41.447;-41.413;-41.377;-41.341;-41.305;-41.269;-41.232;-41.194;-41.156;-41.118;-41.079;-41.04;-41;-40.96,0;0;0;0;0;0;0;0;0;0;0;0;0;0;0;0;0;0;0;0;0;0;0;0;0;0;0;0;0;0;0;0;0;0;0;0;0;0;0;0;0;0;0;0;0;0;0;0;0;0;0;0;0;0;0;0;0;0;0;0;0;0
3,38,6937,100000,2.3,2.026,1,,,,CCD,76892,76978,10,18.717;18.224;17.727;17.227;16.723;16.216;15.705;15.191;14.673;14.152;13.628;13.101;12.571;12.038;11.502;10.963;10.421;9.877;9.33;8.781;8.23;7.676;7.12;6.562;6.002;5.441;4.877;4.312;3.746;3.179;2.61;2.04;1.469;0.897;0.325;-0.248;-0.821;-1.395;-1.969;-2.543;-3.117;-3.69;-4.263;-4.836;-5.408;-5.98;-6.55;-7.12;-7.688;-8.255;-8.821;-9.386;-9.948;-10.509;-11.069;-11.626;-12.181;-12.734;-13.285;-13.833;-14.379;-14.922;-15.463;-16.001;-16.536;-17.068;-17.597;-18.123;-18.646;-19.166;-19.682;-20.195;-20.704;-21.21;-21.713;-22.212;-22.707,-40.724;-40.713;-40.701;-40.689;-40.676;-40.663;-40.649;-40.635;-40.62;-40.605;-40.59;-40.574;-40.558;-40.541;-40.524;-40.507;-40.489;-40.47;-40.452;-40.432;-40.413;-40.393;-40.372;-40.351;-40.33;-40.308;-40.286;-40.263;-40.24;-40.216;-40.192;-40.168;-40.143;-40.117;-40.092;-40.065;-40.039;-40.012;-39.984;-39.956;-39.928;-39.899;-39.87;-39.84;-39.81;-39.78;-39.749;-39.717;-39.685;-39.653;-39.621;-39.587;-39.554;-39.52;-39.485;-39.451;-39.415;-39.38;-39.344;-39.307;-39.27;-39.233;-39.195;-39.157;-39.118;-39.079;-39.04;-39;-38.959;-38.919;-38.878;-38.836;-38.794;-38.752;-38.709;-38.666;-38.622,0;0;0;0;0;0;0;0;0;0;0;0;0;0;0;0;0;0;0;0;0;0;0;0;0;0;0;0;0;0;0;0;0;0;0;0;0;0;0;0;0;0;0;0;0;0;0;0;0;0;0;0;0;0;0;0;0;0;0;0;0;0;0;0;0;0;0;0;0;0;0;0;0;0;0;0;0
3,39,6930,100000,2.3,2.026,1,,,,CCD,35689,35834,10,37.457;37.06;36.659;36.251;35.839;35.421;34.997;34.568;34.133;33.693;33.247;32.795;32.338;31.875;31.406;30.931;30.45;29.964;29.472;28.973;28.469;27.959;27.443;26.921;26.393;25.86;25.32;24.774;24.223;23.666;23.103;22.535;21.96;21.38;20.795;20.204;19.608;19.006;18.399;17.787;17.17;16.548;15.921;15.289;14.653;14.012;13.367;12.718;12.065;11.408;10.747;10.082;9.415;8.744;8.07;7.393;6.714;6.033;5.349;4.663;3.976;3.287;2.596;1.905;1.213;0.52;-0.174;-0.867;-1.561;-2.254;-2.946;-3.638;-4.329;-5.019;-5.707;-6.394;-7.078;-7.761;-8.442;-9.12;-9.795;-10.467;-11.136;-11.802;-12.465;-13.124;-13.779;-14.43;-15.078;-15.72;-16.359;-16.993;-17.622;-18.246;-18.866;-19.481;-20.09;-20.694;-21.293;-21.887;-22.475;-23.057;-23.634;-24.205;-24.771;-25.331;-25.885;-26.433;-26.975;-27.511;-28.042;-28.566;-29.085;-29.598;-30.105;-30.605;-31.1;-31.589;-32.073;-32.55;-33.021;-33.487;-33.947;-34.401;-34.849;-35.291;-35.728;-36.16;-36.585;-37.005;-37.42;-37.829;-38.233;-38.632;-39.025;-39.413,-24.369;-24.37;-24.37;-24.371;-24.371;-24.37;-24.37;-24.368;-24.367;-24.366;-24.364;-24.361;-24.359;-24.356;-24.353;-24.349;-24.345;-24.341;-24.337;-24.332;-24.327;-24.321;-24.316;-24.31;-24.303;-24.296;-24.289;-24.282;-24.274;-24.266;-24.258;-24.249;-24.241;-24.231;-24.222;-24.212;-24.201;-24.191;-24.18;-24.169;-24.157;-24.145;-24.133;-24.121;-24.108;-24.095;-24.081;-24.067;-24.053;-24.039;-24.024;-24.009;-23.993;-23.977;-23.961;-23.945;-23.928;-23.911;-23.894;-23.876;-23.858;-23.84;-23.821;-23.802;-23.783;-23.763;-23.743;-23.723;-23.702;-23.681;-23.66;-23.639;-23.617;-23.595;-23.572;-23.55;-23.526;-23.503;-23.479;-23.455;-23.431;-23.406;-23.381;-23.356;-23.331;-23.305;-23.279;-23.252;-23.225;-23.198;-23.171;-23.143;-23.116;-23.087;-23.059;-23.03;-23.001;-22.971;-22.942;-22.912;-22.882;-22.851;-22.82;-22.789;-22.758;-22.726;-22.694;-22.662;-22.629;-22.597;-22.564;-22.53;-22.497;-22.463;-22.429;-22.395;-22.36;-22.325;-22.29;-22.255;-22.219;-22.183;-22.147;-22.111;-22.074;-22.037;-22;-21.963;-21.925;-21.887;-21.849;-21.811;-21.772;-21.734;-21.695;-21.655,0;0;0;0;0;0;0;0;0;0;0;0;0;0;0;0;0;0;0;0;0;0;0;0;0;0;0;0;0;0;0;0;0;0;0;0;0;0;0;0;0;0;0;0;0;0;0;0;0;0;0;0;0;0;0;0;0;0;0;0;0;0;0;0;0;0;0;0;0;0;0;0;0;0;0;0;0;0;0;0;0;0;0;0;0;0;0;0;0;0;0;0;0;0;0;0;0;0;0;0;0;0;0;0;0;0;0;0;0;0;0;0;0;0;0;0;0;0;0;0;0;0;0;0;0;0;0;0;0;0;0;0;0;0;0;0
3,40,6938,100000,2.3,2.026,1,,,,CCD,82611,82697,10,18.777;18.286;17.79;17.291;16.789;16.283;15.773;15.26;14.744;14.225;13.702;13.176;12.647;12.115;11.581;11.043;10.503;9.96;9.414;8.866;8.316;7.764;7.209;6.652;6.094;5.533;4.971;4.407;3.842;3.276;2.708;2.139;1.57;0.999;0.428;-0.144;-0.716;-1.289;-1.862;-2.435;-3.008;-3.58;-4.153;-4.725;-5.296;-5.867;-6.436;-7.005;-7.573;-8.14;-8.705;-9.268;-9.831;-10.391;-10.95;-11.506;-12.061;-12.614;-13.164;-13.712;-14.257;-14.8;-15.341;-15.878;-16.413;-16.945;-17.474;-18;-18.523;-19.042;-19.558;-20.071;-20.58;-21.086;-21.589;-22.088;-22.583,-40.793;-40.782;-40.77;-40.758;-40.746;-40.733;-40.719;-40.705;-40.691;-40.677;-40.661;-40.646;-40.63;-40.613;-40.597;-40.579;-40.562;-40.543;-40.525;-40.506;-40.486;-40.466;-40.446;-40.425;-40.404;-40.383;-40.361;-40.338;-40.315;-40.292;-40.268;-40.244;-40.219;-40.194;-40.169;-40.143;-40.116;-40.089;-40.062;-40.034;-40.006;-39.978;-39.949;-39.919;-39.889;-39.859;-39.828;-39.797;-39.766;-39.734;-39.701;-39.668;-39.635;-39.601;-39.567;-39.533;-39.498;-39.462;-39.426;-39.39;-39.353;-39.316;-39.279;-39.241;-39.202;-39.163;-39.124;-39.085;-39.045;-39.004;-38.963;-38.922;-38.88;-38.838;-38.795;-38.752;-38.709,0;0;0;0;0;0;0;0;0;0;0;0;0;0;0;0;0;0;0;0;0;0;0;0;0;0;0;0;0;0;0;0;0;0;0;0;0;0;0;0;0;0;0;0;0;0;0;0;0;0;0;0;0;0;0;0;0;0;0;0;0;0;0;0;0;0;0;0;0;0;0;0;0;0;0;0;0
3,41,6938,100000,2.3,2.026,1,,,,CCD,82413,82490,10,16.043;15.541;15.035;14.526;14.014;13.499;12.981;12.46;11.936;11.409;10.88;10.348;9.813;9.276;8.737;8.195;7.651;7.105;6.557;6.007;5.455;4.902;4.347;3.791;3.233;2.675;2.115;1.554;0.992;0.43;-0.133;-0.697;-1.261;-1.825;-2.389;-2.953;-3.517;-4.081;-4.644;-5.207;-5.769;-6.331;-6.891;-7.451;-8.009;-8.567;-9.123;-9.677;-10.23;-10.781;-11.33;-11.878;-12.423;-12.966;-13.508;-14.046;-14.583;-15.117;-15.648;-16.177;-16.702;-17.225;-17.746;-18.263;-18.777;-19.288;-19.795;-20.3,-41.988;-41.975;-41.961;-41.947;-41.933;-41.918;-41.902;-41.886;-41.87;-41.853;-41.836;-41.818;-41.8;-41.782;-41.763;-41.743;-41.723;-41.703;-41.682;-41.661;-41.64;-41.618;-41.595;-41.572;-41.549;-41.525;-41.501;-41.476;-41.451;-41.426;-41.4;-41.373;-41.346;-41.319;-41.291;-41.263;-41.234;-41.205;-41.176;-41.146;-41.116;-41.085;-41.054;-41.022;-40.99;-40.957;-40.924;-40.891;-40.857;-40.823;-40.788;-40.753;-40.717;-40.681;-40.645;-40.608;-40.57;-40.533;-40.495;-40.456;-40.417;-40.377;-40.338;-40.297;-40.257;-40.215;-40.174;-40.132,0;0;0;0;0;0;0;0;0;0;0;0;0;0;0;0;0;0;0;0;0;0;0;0;0;0;0;0;0;0;0;0;0;0;0;0;0;0;0;0;0;0;0;0;0;0;0;0;0;0;0;0;0;0;0;0;0;0;0;0;0;0;0;0;0;0;0;0
3,42,6938,100000,2.3,2.026,1,,,,CCD,82202,82264,10,11.845;11.331;10.814;10.295;9.773;9.249;8.723;8.194;7.664;7.131;6.597;6.06;5.522;4.983;4.442;3.899;3.356;2.811;2.265;1.718;1.17;0.622;0.073;-0.477;-1.027;-1.577;-2.128;-2.678;-3.229;-3.779;-4.329;-4.878;-5.427;-5.976;-6.523;-7.07;-7.616;-8.16;-8.704;-9.246;-9.787;-10.326;-10.864;-11.4;-11.934;-12.466;-12.996;-13.524;-14.05;-14.573;-15.094;-15.613;-16.129,-43.276;-43.261;-43.246;-43.23;-43.214;-43.197;-43.18;-43.162;-43.144;-43.126;-43.107;-43.088;-43.068;-43.048;-43.027;-43.006;-42.985;-42.963;-42.94;-42.917;-42.894;-42.87;-42.846;-42.822;-42.797;-42.771;-42.745;-42.719;-42.692;-42.665;-42.637;-42.609;-42.581;-42.552;-42.522;-42.492;-42.462;-42.431;-42.4;-42.369;-42.337;-42.304;-42.271;-42.238;-42.204;-42.17;-42.135;-42.1;-42.065;-42.029;-41.993;-41.956;-41.919,0;0;0;0;0;0;0;0;0;0;0;0;0;0;0;0;0;0;0;0;0;0;0;0;0;0;0;0;0;0;0;0;0;0;0;0;0;0;0;0;0;0;0;0;0;0;0;0;0;0;0;0;0
3,43,6924,100000,2.3,2.026,1,,,,CCD,2179,2267,10,19.407;18.913;18.416;17.915;17.41;16.901;16.389;15.874;15.354;14.832;14.306;13.776;13.244;12.708;12.169;11.628;11.083;10.535;9.985;9.433;8.877;8.32;7.76;7.198;6.633;6.067;5.499;4.929;4.358;3.785;3.211;2.635;2.059;1.481;0.903;0.324;-0.256;-0.836;-1.417;-1.997;-2.578;-3.159;-3.739;-4.319;-4.898;-5.477;-6.055;-6.632;-7.208;-7.783;-8.357;-8.929;-9.5;-10.069;-10.636;-11.202;-11.765;-12.326;-12.885;-13.442;-13.996;-14.548;-15.096;-15.643;-16.186;-16.726;-17.264;-17.798;-18.329;-18.857;-19.381;-19.902;-20.419;-20.933;-21.444;-21.95;-22.453;-22.953;-23.448,-40.502;-40.491;-40.479;-40.467;-40.454;-40.441;-40.427;-40.413;-40.398;-40.383;-40.368;-40.352;-40.336;-40.319;-40.302;-40.284;-40.266;-40.248;-40.229;-40.21;-40.19;-40.17;-40.149;-40.128;-40.107;-40.085;-40.063;-40.04;-40.016;-39.993;-39.969;-39.944;-39.919;-39.894;-39.868;-39.842;-39.815;-39.788;-39.76;-39.732;-39.704;-39.675;-39.645;-39.615;-39.585;-39.555;-39.523;-39.492;-39.46;-39.428;-39.395;-39.361;-39.328;-39.294;-39.259;-39.224;-39.189;-39.153;-39.116;-39.08;-39.043;-39.005;-38.967;-38.929;-38.89;-38.851;-38.811;-38.771;-38.73;-38.689;-38.648;-38.606;-38.564;-38.521;-38.478;-38.435;-38.391;-38.347;-38.302,0;0;0;0;0;0;0;0;0;0;0;0;0;0;0;0;0;0;0;0;0;0;0;0;0;0;0;0;0;0;0;0;0;0;0;0;0;0;0;0;0;0;0;0;0;0;0;0;0;0;0;0;0;0;0;0;0;0;0;0;0;0;0;0;0;0;0;0;0;0;0;0;0;0;0;0;0;0;0
3,44,6924,100000,2.3,2.026,1,,,,CCD,1923,2014,10,20.544;20.057;19.566;19.071;18.573;18.07;17.564;17.055;16.541;16.024;15.504;14.98;14.453;13.923;13.389;12.852;12.312;11.769;11.224;10.675;10.124;9.57;9.014;8.455;7.895;7.331;6.766;6.199;5.63;5.06;4.488;3.914;3.339;2.763;2.185;1.607;1.028;0.448;-0.132;-0.712;-1.293;-1.875;-2.456;-3.037;-3.617;-4.198;-4.777;-5.356;-5.935;-6.512;-7.088;-7.664;-8.237;-8.81;-9.38;-9.949;-10.517;-11.082;-11.645;-12.206;-12.765;-13.322;-13.876;-14.427;-14.976;-15.521;-16.064;-16.604;-17.141;-17.675;-18.206;-18.733;-19.257;-19.778;-20.295;-20.808;-21.318;-21.824;-22.326;-22.825;-23.32;-23.811,-40.025;-40.017;-40.009;-40;-39.991;-39.981;-39.971;-39.961;-39.95;-39.938;-39.927;-39.914;-39.902;-39.889;-39.875;-39.861;-39.847;-39.832;-39.817;-39.801;-39.785;-39.769;-39.752;-39.735;-39.717;-39.699;-39.68;-39.661;-39.642;-39.622;-39.601;-39.581;-39.56;-39.538;-39.516;-39.493;-39.471;-39.447;-39.423;-39.399;-39.375;-39.35;-39.324;-39.298;-39.272;-39.245;-39.218;-39.19;-39.162;-39.134;-39.105;-39.076;-39.046;-39.016;-38.985;-38.954;-38.923;-38.891;-38.859;-38.826;-38.793;-38.759;-38.725;-38.691;-38.656;-38.621;-38.585;-38.549;-38.513;-38.476;-38.439;-38.401;-38.363;-38.324;-38.285;-38.246;-38.206;-38.166;-38.126;-38.085;-38.043;-38.002,0;0;0;0;0;0;0;0;0;0;0;0;0;0;0;0;0;0;0;0;0;0;0;0;0;0;0;0;0;0;0;0;0;0;0;0;0;0;0;0;0;0;0;0;0;0;0;0;0;0;0;0;0;0;0;0;0;0;0;0;0;0;0;0;0;0;0;0;0;0;0;0;0;0;0;0;0;0;0;0;0;0
3,45,6924,100000,2.3,2.026,1,,,,CCD,1642,1771,10,32.497;32.069;31.635;31.195;30.751;30.302;29.847;29.387;28.922;28.452;27.976;27.495;27.009;26.518;26.021;25.519;25.012;24.5;23.982;23.459;22.931;22.398;21.86;21.317;20.769;20.216;19.658;19.095;18.528;17.956;17.379;16.798;16.212;15.622;15.028;14.429;13.827;13.221;12.611;11.997;11.38;10.759;10.135;9.508;8.878;8.245;7.609;6.972;6.331;5.689;5.044;4.398;3.75;3.101;2.451;1.799;1.147;0.493;-0.16;-0.814;-1.468;-2.122;-2.776;-3.429;-4.082;-4.733;-5.384;-6.033;-6.681;-7.328;-7.972;-8.615;-9.256;-9.894;-10.53;-11.163;-11.793;-12.42;-13.045;-13.666;-14.283;-14.897;-15.508;-16.115;-16.717;-17.316;-17.911;-18.501;-19.087;-19.669;-20.246;-20.818;-21.386;-21.949;-22.508;-23.061;-23.609;-24.153;-24.691;-25.224;-25.752;-26.275;-26.793;-27.306;-27.813;-28.315;-28.812;-29.303;-29.79;-30.271;-30.746;-31.217;-31.682;-32.142;-32.596;-33.045;-33.49;-33.929;-34.362;-34.791,-31.037;-31.034;-31.032;-31.029;-31.025;-31.021;-31.017;-31.013;-31.008;-31.002;-30.997;-30.991;-30.984;-30.977;-30.97;-30.963;-30.955;-30.946;-30.938;-30.929;-30.919;-30.909;-30.899;-30.889;-30.878;-30.866;-30.855;-30.842;-30.83;-30.817;-30.804;-30.79;-30.776;-30.762;-30.747;-30.732;-30.716;-30.7;-30.684;-30.667;-30.65;-30.632;-30.615;-30.596;-30.578;-30.559;-30.539;-30.519;-30.499;-30.479;-30.458;-30.436;-30.415;-30.393;-30.37;-30.347;-30.324;-30.3;-30.276;-30.252;-30.227;-30.202;-30.176;-30.151;-30.124;-30.098;-30.071;-30.043;-30.015;-29.987;-29.959;-29.93;-29.901;-29.871;-29.841;-29.81;-29.78;-29.749;-29.717;-29.685;-29.653;-29.621;-29.588;-29.554;-29.521;-29.487;-29.452;-29.418;-29.383;-29.347;-29.311;-29.275;-29.239;-29.202;-29.165;-29.127;-29.089;-29.051;-29.013;-28.974;-28.935;-28.895;-28.855;-28.815;-28.774;-28.733;-28.692;-28.651;-28.609;-28.567;-28.524;-28.481;-28.438;-28.395;-28.351;-28.307;-28.263;-28.218;-28.173;-28.128,0;0;0;0;0;0;0;0;0;0;0;0;0;0;0;0;0;0;0;0;0;0;0;0;0;0;0;0;0;0;0;0;0;0;0;0;0;0;0;0;0;0;0;0;0;0;0;0;0;0;0;0;0;0;0;0;0;0;0;0;0;0;0;0;0;0;0;0;0;0;0;0;0;0;0;0;0;0;0;0;0;0;0;0;0;0;0;0;0;0;0;0;0;0;0;0;0;0;0;0;0;0;0;0;0;0;0;0;0;0;0;0;0;0;0;0;0;0;0;0
3,46,6930,100000,2.3,2.026,1,,,,CCD,35717,35805,10,19.777;19.292;18.804;18.312;17.816;17.317;16.815;16.31;15.801;15.289;14.774;14.255;13.734;13.21;12.683;12.154;11.622;11.087;10.549;10.01;9.468;8.923;8.377;7.829;7.279;6.727;6.173;5.618;5.061;4.503;3.944;3.384;2.822;2.26;1.697;1.134;0.57;0.005;-0.559;-1.124;-1.689;-2.254;-2.818;-3.382;-3.946;-4.509;-5.071;-5.632;-6.192;-6.752;-7.31;-7.866;-8.422;-8.975;-9.527;-10.077;-10.626;-11.172;-11.716;-12.258;-12.798;-13.335;-13.87;-14.402;-14.932;-15.458;-15.982;-16.503;-17.022;-17.537;-18.049;-18.557;-19.063;-19.565;-20.064;-20.559;-21.051;-21.539;-22.024,-40.247;-40.249;-40.251;-40.251;-40.252;-40.252;-40.252;-40.251;-40.25;-40.249;-40.247;-40.244;-40.242;-40.239;-40.235;-40.231;-40.227;-40.222;-40.217;-40.212;-40.206;-40.199;-40.192;-40.185;-40.178;-40.17;-40.161;-40.153;-40.143;-40.134;-40.124;-40.113;-40.102;-40.091;-40.079;-40.067;-40.055;-40.042;-40.029;-40.015;-40.001;-39.986;-39.971;-39.956;-39.94;-39.924;-39.908;-39.891;-39.873;-39.855;-39.837;-39.819;-39.8;-39.78;-39.76;-39.74;-39.719;-39.698;-39.677;-39.655;-39.633;-39.61;-39.587;-39.564;-39.54;-39.515;-39.491;-39.466;-39.44;-39.414;-39.388;-39.361;-39.334;-39.307;-39.279;-39.251;-39.222;-39.193;-39.164,0;0;0;0;0;0;0;0;0;0;0;0;0;0;0;0;0;0;0;0;0;0;0;0;0;0;0;0;0;0;0;0;0;0;0;0;0;0;0;0;0;0;0;0;0;0;0;0;0;0;0;0;0;0;0;0;0;0;0;0;0;0;0;0;0;0;0;0;0;0;0;0;0;0;0;0;0;0;0
3,47,6925,100000,2.3,2.026,1,,,,CCD,7177,7313,10,34.702;34.288;33.869;33.445;33.016;32.581;32.141;31.696;31.246;30.79;30.328;29.861;29.389;28.911;28.428;27.94;27.446;26.946;26.441;25.931;25.415;24.893;24.367;23.835;23.297;22.755;22.207;21.653;21.095;20.531;19.963;19.389;18.811;18.227;17.639;17.046;16.449;15.847;15.241;14.63;14.016;13.397;12.774;12.148;11.518;10.884;10.248;9.608;8.965;8.319;7.67;7.019;6.366;5.71;5.053;4.394;3.733;3.07;2.407;1.743;1.077;0.412;-0.255;-0.921;-1.587;-2.254;-2.919;-3.584;-4.249;-4.912;-5.574;-6.234;-6.893;-7.55;-8.206;-8.858;-9.509;-10.157;-10.802;-11.445;-12.084;-12.72;-13.353;-13.982;-14.608;-15.23;-15.847;-16.461;-17.071;-17.676;-18.277;-18.873;-19.465;-20.052;-20.635;-21.212;-21.784;-22.352;-22.914;-23.471;-24.023;-24.57;-25.111;-25.648;-26.178;-26.704;-27.224;-27.738;-28.247;-28.751;-29.249;-29.741;-30.228;-30.71;-31.186;-31.657;-32.122;-32.582;-33.036;-33.485;-33.929;-34.367;-34.8;-35.228;-35.65;-36.067;-36.479,-28.472;-28.474;-28.476;-28.478;-28.479;-28.48;-28.48;-28.48;-28.48;-28.479;-28.478;-28.477;-28.476;-28.474;-28.471;-28.469;-28.466;-28.462;-28.458;-28.454;-28.45;-28.445;-28.44;-28.435;-28.429;-28.422;-28.416;-28.409;-28.402;-28.394;-28.386;-28.378;-28.369;-28.36;-28.351;-28.341;-28.331;-28.32;-28.309;-28.298;-28.287;-28.275;-28.263;-28.25;-28.237;-28.224;-28.21;-28.196;-28.181;-28.166;-28.151;-28.136;-28.12;-28.104;-28.087;-28.07;-28.053;-28.035;-28.017;-27.999;-27.98;-27.961;-27.942;-27.922;-27.902;-27.881;-27.86;-27.839;-27.817;-27.796;-27.773;-27.751;-27.728;-27.704;-27.681;-27.657;-27.632;-27.608;-27.583;-27.557;-27.531;-27.505;-27.479;-27.452;-27.425;-27.398;-27.37;-27.342;-27.313;-27.284;-27.255;-27.226;-27.196;-27.166;-27.135;-27.105;-27.074;-27.042;-27.01;-26.978;-26.946;-26.913;-26.88;-26.847;-26.813;-26.779;-26.745;-26.71;-26.676;-26.64;-26.605;-26.569;-26.533;-26.497;-26.46;-26.423;-26.385;-26.348;-26.31;-26.272;-26.233;-26.195;-26.156;-26.116;-26.077;-26.037;-25.997,0;0;0;0;0;0;0;0;0;0;0;0;0;0;0;0;0;0;0;0;0;0;0;0;0;0;0;0;0;0;0;0;0;0;0;0;0;0;0;0;0;0;0;0;0;0;0;0;0;0;0;0;0;0;0;0;0;0;0;0;0;0;0;0;0;0;0;0;0;0;0;0;0;0;0;0;0;0;0;0;0;0;0;0;0;0;0;0;0;0;0;0;0;0;0;0;0;0;0;0;0;0;0;0;0;0;0;0;0;0;0;0;0;0;0;0;0;0;0;0;0;0;0;0;0;0;0
3,48,6925,100000,2.3,2.026,1,,,,CCD,7375,7499,10,30.713;30.274;29.83;29.381;28.927;28.468;28.004;27.534;27.06;26.581;26.097;25.607;25.113;24.614;24.109;23.6;23.086;22.567;22.043;21.514;20.98;20.442;19.899;19.351;18.798;18.242;17.68;17.115;16.544;15.97;15.392;14.809;14.223;13.633;13.039;12.441;11.84;11.236;10.628;10.018;9.404;8.787;8.168;7.546;6.922;6.296;5.667;5.037;4.405;3.771;3.136;2.499;1.862;1.224;0.585;-0.055;-0.695;-1.335;-1.975;-2.615;-3.254;-3.893;-4.532;-5.169;-5.805;-6.44;-7.073;-7.705;-8.335;-8.963;-9.589;-10.213;-10.835;-11.453;-12.069;-12.683;-13.293;-13.9;-14.503;-15.104;-15.701;-16.294;-16.883;-17.469;-18.05;-18.628;-19.201;-19.77;-20.335;-20.895;-21.451;-22.003;-22.549;-23.091;-23.629;-24.161;-24.689;-25.212;-25.73;-26.243;-26.751;-27.254;-27.752;-28.245;-28.732;-29.215;-29.693;-30.166;-30.633;-31.096;-31.554;-32.006;-32.453;-32.896;-33.333,-32.842;-32.839;-32.837;-32.834;-32.83;-32.826;-32.822;-32.817;-32.812;-32.807;-32.801;-32.795;-32.788;-32.781;-32.774;-32.766;-32.758;-32.75;-32.741;-32.732;-32.722;-32.712;-32.701;-32.691;-32.679;-32.668;-32.656;-32.643;-32.63;-32.617;-32.604;-32.59;-32.575;-32.56;-32.545;-32.53;-32.514;-32.497;-32.481;-32.463;-32.446;-32.428;-32.409;-32.391;-32.372;-32.352;-32.332;-32.312;-32.291;-32.27;-32.248;-32.227;-32.204;-32.182;-32.158;-32.135;-32.111;-32.087;-32.062;-32.037;-32.012;-31.986;-31.96;-31.933;-31.906;-31.879;-31.851;-31.823;-31.794;-31.765;-31.736;-31.706;-31.676;-31.646;-31.615;-31.584;-31.552;-31.52;-31.488;-31.455;-31.422;-31.389;-31.355;-31.321;-31.286;-31.251;-31.216;-31.18;-31.144;-31.108;-31.071;-31.034;-30.996;-30.958;-30.92;-30.881;-30.843;-30.803;-30.764;-30.724;-30.683;-30.643;-30.602;-30.56;-30.519;-30.477;-30.434;-30.391;-30.348;-30.305;-30.261;-30.217;-30.173;-30.128;-30.083,0;0;0;0;0;0;0;0;0;0;0;0;0;0;0;0;0;0;0;0;0;0;0;0;0;0;0;0;0;0;0;0;0;0;0;0;0;0;0;0;0;0;0;0;0;0;0;0;0;0;0;0;0;0;0;0;0;0;0;0;0;0;0;0;0;0;0;0;0;0;0;0;0;0;0;0;0;0;0;0;0;0;0;0;0;0;0;0;0;0;0;0;0;0;0;0;0;0;0;0;0;0;0;0;0;0;0;0;0;0;0;0;0;0;0
3,49,6925,100000,2.3,2.026,1,,,,CCD,7640,7739,10,22.925;22.446;21.963;21.476;20.985;20.49;19.99;19.486;18.979;18.467;17.952;17.432;16.909;16.382;15.851;15.317;14.779;14.237;13.692;13.144;12.593;12.038;11.481;10.92;10.357;9.791;9.222;8.65;8.077;7.501;6.922;6.342;5.76;5.176;4.59;4.003;3.414;2.824;2.233;1.641;1.048;0.455;-0.14;-0.734;-1.329;-1.924;-2.519;-3.114;-3.708;-4.302;-4.896;-5.489;-6.08;-6.671;-7.261;-7.849;-8.436;-9.022;-9.605;-10.187;-10.767;-11.344;-11.92;-12.493;-13.064;-13.632;-14.198;-14.76;-15.32;-15.877;-16.431;-16.981;-17.528;-18.072;-18.613;-19.15;-19.683;-20.213;-20.739;-21.261;-21.779;-22.294;-22.804;-23.31;-23.813;-24.311;-24.805;-25.295;-25.78;-26.262,-38.676;-38.669;-38.661;-38.652;-38.643;-38.634;-38.624;-38.614;-38.603;-38.592;-38.58;-38.568;-38.556;-38.543;-38.53;-38.516;-38.502;-38.488;-38.473;-38.458;-38.442;-38.426;-38.409;-38.392;-38.375;-38.357;-38.338;-38.32;-38.301;-38.281;-38.261;-38.241;-38.22;-38.198;-38.177;-38.154;-38.132;-38.109;-38.085;-38.062;-38.037;-38.013;-37.987;-37.962;-37.936;-37.909;-37.883;-37.855;-37.828;-37.799;-37.771;-37.742;-37.712;-37.683;-37.652;-37.622;-37.591;-37.559;-37.527;-37.495;-37.462;-37.429;-37.395;-37.361;-37.327;-37.292;-37.257;-37.221;-37.185;-37.148;-37.111;-37.074;-37.036;-36.998;-36.96;-36.921;-36.881;-36.841;-36.801;-36.761;-36.72;-36.678;-36.636;-36.594;-36.552;-36.509;-36.465;-36.422;-36.377;-36.333,0;0;0;0;0;0;0;0;0;0;0;0;0;0;0;0;0;0;0;0;0;0;0;0;0;0;0;0;0;0;0;0;0;0;0;0;0;0;0;0;0;0;0;0;0;0;0;0;0;0;0;0;0;0;0;0;0;0;0;0;0;0;0;0;0;0;0;0;0;0;0;0;0;0;0;0;0;0;0;0;0;0;0;0;0;0;0;0;0;0
3,50,6926,100000,2.3,2.026,1,,,,CCD,12747,12899,10,39.864;39.488;39.107;38.721;38.329;37.932;37.53;37.122;36.708;36.289;35.864;35.433;34.997;34.555;34.107;33.653;33.193;32.726;32.254;31.776;31.292;30.802;30.305;29.803;29.294;28.779;28.258;27.73;27.197;26.657;26.111;25.559;25;24.436;23.865;23.289;22.706;22.118;21.524;20.923;20.318;19.706;19.089;18.466;17.838;17.205;16.567;15.923;15.275;14.622;13.964;13.302;12.635;11.964;11.29;10.611;9.929;9.244;8.555;7.863;7.169;6.472;5.773;5.071;4.368;3.663;2.956;2.249;1.54;0.831;0.121;-0.589;-1.299;-2.009;-2.718;-3.426;-4.133;-4.839;-5.544;-6.247;-6.948;-7.646;-8.343;-9.036;-9.727;-10.415;-11.099;-11.78;-12.457;-13.131;-13.8;-14.465;-15.126;-15.782;-16.434;-17.081;-17.723;-18.359;-18.991;-19.617;-20.238;-20.854;-21.463;-22.067;-22.665;-23.258;-23.844;-24.425;-24.999;-25.568;-26.13;-26.686;-27.236;-27.78;-28.318;-28.849;-29.375;-29.894;-30.406;-30.913;-31.414;-31.908;-32.396;-32.878;-33.354;-33.824;-34.287;-34.745;-35.197;-35.643;-36.083;-36.517;-36.946;-37.368;-37.785;-38.197;-38.603;-39.003;-39.398;-39.787;-40.171;-40.55;-40.923,-20.718;-20.721;-20.723;-20.725;-20.727;-20.729;-20.73;-20.731;-20.732;-20.733;-20.733;-20.733;-20.733;-20.732;-20.732;-20.731;-20.729;-20.728;-20.726;-20.724;-20.721;-20.719;-20.716;-20.712;-20.709;-20.705;-20.701;-20.697;-20.692;-20.687;-20.682;-20.676;-20.67;-20.664;-20.658;-20.651;-20.645;-20.637;-20.63;-20.622;-20.614;-20.606;-20.597;-20.588;-20.579;-20.57;-20.56;-20.55;-20.54;-20.529;-20.518;-20.507;-20.495;-20.484;-20.472;-20.459;-20.447;-20.434;-20.421;-20.407;-20.394;-20.38;-20.365;-20.351;-20.336;-20.321;-20.305;-20.29;-20.274;-20.258;-20.241;-20.224;-20.207;-20.19;-20.172;-20.154;-20.136;-20.118;-20.099;-20.08;-20.061;-20.041;-20.021;-20.001;-19.981;-19.96;-19.94;-19.918;-19.897;-19.875;-19.853;-19.831;-19.809;-19.786;-19.763;-19.74;-19.716;-19.693;-19.669;-19.644;-19.62;-19.595;-19.57;-19.545;-19.519;-19.494;-19.468;-19.441;-19.415;-19.388;-19.361;-19.334;-19.306;-19.279;-19.251;-19.223;-19.194;-19.166;-19.137;-19.108;-19.079;-19.049;-19.019;-18.989;-18.959;-18.929;-18.898;-18.867;-18.836;-18.805;-18.774;-18.742;-18.71;-18.678;-18.646;-18.613;-18.581;-18.548;-18.515;-18.481;-18.448;-18.414;-18.381,0;0;0;0;0;0;0;0;0;0;0;0;0;0;0;0;0;0;0;0;0;0;0;0;0;0;0;0;0;0;0;0;0;0;0;0;0;0;0;0;0;0;0;0;0;0;0;0;0;0;0;0;0;0;0;0;0;0;0;0;0;0;0;0;0;0;0;0;0;0;0;0;0;0;0;0;0;0;0;0;0;0;0;0;0;0;0;0;0;0;0;0;0;0;0;0;0;0;0;0;0;0;0;0;0;0;0;0;0;0;0;0;0;0;0;0;0;0;0;0;0;0;0;0;0;0;0;0;0;0;0;0;0;0;0;0;0;0;0;0;0;0;0
3,51,6926,100000,2.3,2.026,1,,,,CCD,12962,13103,10,36.156;35.752;35.342;34.928;34.508;34.082;33.651;33.215;32.773;32.326;31.873;31.415;30.951;30.481;30.006;29.525;29.038;28.545;28.047;27.543;27.034;26.519;25.998;25.471;24.939;24.401;23.857;23.308;22.753;22.193;21.627;21.056;20.479;19.897;19.31;18.718;18.12;17.518;16.911;16.299;15.682;15.061;14.436;13.806;13.171;12.533;11.891;11.245;10.596;9.943;9.287;8.628;7.966;7.301;6.634;5.964;5.292;4.619;3.943;3.266;2.588;1.908;1.228;0.547;-0.135;-0.816;-1.498;-2.18;-2.861;-3.542;-4.221;-4.9;-5.577;-6.253;-6.927;-7.6;-8.27;-8.938;-9.603;-10.266;-10.926;-11.583;-12.236;-12.887;-13.533;-14.176;-14.815;-15.451;-16.081;-16.708;-17.33;-17.948;-18.561;-19.169;-19.773;-20.371;-20.965;-21.553;-22.136;-22.714;-23.286;-23.853;-24.414;-24.97;-25.521;-26.066;-26.605;-27.138;-27.666;-28.188;-28.704;-29.215;-29.72;-30.219;-30.712;-31.2;-31.682;-32.158;-32.629;-33.094;-33.553;-34.006;-34.454;-34.897;-35.334;-35.765;-36.191;-36.612;-37.027;-37.437;-37.842;-38.241,-26.77;-26.769;-26.767;-26.765;-26.763;-26.76;-26.757;-26.754;-26.75;-26.746;-26.742;-26.737;-26.732;-26.726;-26.721;-26.715;-26.708;-26.701;-26.694;-26.687;-26.679;-26.671;-26.663;-26.654;-26.645;-26.635;-26.625;-26.615;-26.604;-26.593;-26.582;-26.571;-26.559;-26.546;-26.534;-26.521;-26.507;-26.494;-26.48;-26.465;-26.45;-26.435;-26.42;-26.404;-26.388;-26.371;-26.355;-26.337;-26.32;-26.302;-26.284;-26.265;-26.246;-26.227;-26.207;-26.187;-26.167;-26.146;-26.125;-26.104;-26.082;-26.06;-26.038;-26.015;-25.992;-25.968;-25.944;-25.92;-25.896;-25.871;-25.846;-25.82;-25.795;-25.768;-25.742;-25.715;-25.688;-25.66;-25.633;-25.605;-25.576;-25.547;-25.518;-25.489;-25.459;-25.429;-25.398;-25.367;-25.336;-25.305;-25.273;-25.241;-25.209;-25.176;-25.143;-25.11;-25.076;-25.042;-25.008;-24.974;-24.939;-24.904;-24.868;-24.832;-24.796;-24.76;-24.723;-24.686;-24.649;-24.612;-24.574;-24.536;-24.497;-24.459;-24.42;-24.38;-24.341;-24.301;-24.261;-24.221;-24.18;-24.139;-24.098;-24.057;-24.015;-23.973;-23.931;-23.889;-23.846;-23.803;-23.76;-23.716,0;0;0;0;0;0;0;0;0;0;0;0;0;0;0;0;0;0;0;0;0;0;0;0;0;0;0;0;0;0;0;0;0;0;0;0;0;0;0;0;0;0;0;0;0;0;0;0;0;0;0;0;0;0;0;0;0;0;0;0;0;0;0;0;0;0;0;0;0;0;0;0;0;0;0;0;0;0;0;0;0;0;0;0;0;0;0;0;0;0;0;0;0;0;0;0;0;0;0;0;0;0;0;0;0;0;0;0;0;0;0;0;0;0;0;0;0;0;0;0;0;0;0;0;0;0;0;0;0;0;0;0
3,52,6926,100000,2.3,2.026,1,,,,CCD,12758,12868,10,26.621;26.164;25.702;25.235;24.765;24.29;23.81;23.326;22.838;22.346;21.849;21.348;20.843;20.334;19.821;19.303;18.782;18.257;17.728;17.195;16.658;16.118;15.574;15.027;14.476;13.922;13.364;12.804;12.24;11.674;11.104;10.532;9.958;9.38;8.801;8.219;7.635;7.049;6.461;5.871;5.28;4.687;4.093;3.497;2.901;2.304;1.706;1.107;0.508;-0.092;-0.691;-1.291;-1.891;-2.49;-3.089;-3.687;-4.285;-4.882;-5.477;-6.072;-6.665;-7.257;-7.847;-8.436;-9.023;-9.608;-10.19;-10.771;-11.349;-11.924;-12.497;-13.068;-13.635;-14.2;-14.762;-15.32;-15.875;-16.427;-16.976;-17.521;-18.062;-18.6;-19.134;-19.665;-20.191;-20.714;-21.232;-21.747;-22.258;-22.764;-23.266;-23.764;-24.258;-24.748;-25.233;-25.714;-26.19;-26.662;-27.13;-27.593;-28.052,-36.072;-36.079;-36.086;-36.092;-36.099;-36.105;-36.11;-36.115;-36.12;-36.124;-36.128;-36.132;-36.135;-36.138;-36.14;-36.142;-36.144;-36.145;-36.146;-36.146;-36.146;-36.146;-36.145;-36.144;-36.143;-36.141;-36.139;-36.136;-36.133;-36.13;-36.126;-36.121;-36.117;-36.112;-36.106;-36.101;-36.094;-36.088;-36.081;-36.073;-36.066;-36.057;-36.049;-36.04;-36.031;-36.021;-36.011;-36;-35.989;-35.978;-35.966;-35.954;-35.941;-35.928;-35.915;-35.901;-35.887;-35.873;-35.858;-35.843;-35.827;-35.811;-35.794;-35.778;-35.76;-35.743;-35.725;-35.706;-35.687;-35.668;-35.649;-35.629;-35.608;-35.587;-35.566;-35.545;-35.523;-35.501;-35.478;-35.455;-35.431;-35.408;-35.383;-35.359;-35.334;-35.309;-35.283;-35.257;-35.23;-35.204;-35.176;-35.149;-35.121;-35.093;-35.064;-35.035;-35.005;-34.976;-34.946;-34.915;-34.884,0;0;0;0;0;0;0;0;0;0;0;0;0;0;0;0;0;0;0;0;0;0;0;0;0;0;0;0;0;0;0;0;0;0;0;0;0;0;0;0;0;0;0;0;0;0;0;0;0;0;0;0;0;0;0;0;0;0;0;0;0;0;0;0;0;0;0;0;0;0;0;0;0;0;0;0;0;0;0;0;0;0;0;0;0;0;0;0;0;0;0;0;0;0;0;0;0;0;0;0;0
3,53,6927,100000,2.3,2.026,1,,,,CCD,18412,18563,10,39.578;39.2;38.817;38.428;38.034;37.634;37.229;36.818;36.402;35.98;35.553;35.12;34.681;34.236;33.785;33.329;32.866;32.398;31.924;31.443;30.957;30.464;29.966;29.461;28.95;28.433;27.91;27.381;26.845;26.304;25.756;25.202;24.642;24.076;23.505;22.927;22.343;21.754;21.158;20.557;19.951;19.338;18.721;18.098;17.469;16.836;16.197;15.554;14.906;14.253;13.596;12.934;12.269;11.599;10.925;10.248;9.567;8.883;8.197;7.507;6.814;6.119;5.422;4.723;4.022;3.32;2.616;1.912;1.206;0.5;-0.206;-0.913;-1.619;-2.325;-3.03;-3.734;-4.437;-5.139;-5.839;-6.538;-7.234;-7.928;-8.62;-9.309;-9.995;-10.677;-11.357;-12.033;-12.705;-13.374;-14.038;-14.698;-15.354;-16.005;-16.651;-17.293;-17.93;-18.561;-19.188;-19.809;-20.425;-21.035;-21.639;-22.238;-22.832;-23.419;-24.001;-24.576;-25.146;-25.709;-26.267;-26.818;-27.364;-27.903;-28.436;-28.963;-29.484;-29.999;-30.507;-31.01;-31.506;-31.996;-32.48;-32.958;-33.43;-33.896;-34.356;-34.81;-35.259;-35.701;-36.138;-36.568;-36.994;-37.413;-37.827;-38.235;-38.638;-39.035;-39.427;-39.813;-40.195;-40.571,-21.095;-21.1;-21.104;-21.109;-21.113;-21.116;-21.12;-21.123;-21.126;-21.129;-21.131;-21.133;-21.135;-21.137;-21.138;-21.139;-21.14;-21.141;-21.141;-21.141;-21.141;-21.14;-21.139;-21.138;-21.137;-21.135;-21.133;-21.131;-21.128;-21.125;-21.122;-21.119;-21.115;-21.111;-21.107;-21.102;-21.097;-21.092;-21.087;-21.081;-21.075;-21.069;-21.063;-21.056;-21.049;-21.041;-21.034;-21.026;-21.017;-21.009;-21;-20.991;-20.982;-20.972;-20.962;-20.952;-20.941;-20.93;-20.919;-20.908;-20.896;-20.884;-20.872;-20.859;-20.846;-20.833;-20.82;-20.806;-20.792;-20.778;-20.763;-20.749;-20.734;-20.718;-20.703;-20.687;-20.67;-20.654;-20.637;-20.62;-20.603;-20.585;-20.567;-20.549;-20.531;-20.512;-20.493;-20.474;-20.454;-20.434;-20.414;-20.394;-20.374;-20.353;-20.332;-20.31;-20.289;-20.267;-20.244;-20.222;-20.199;-20.176;-20.153;-20.13;-20.106;-20.082;-20.058;-20.033;-20.009;-19.984;-19.959;-19.933;-19.907;-19.881;-19.855;-19.829;-19.802;-19.775;-19.748;-19.721;-19.693;-19.665;-19.637;-19.609;-19.58;-19.552;-19.523;-19.494;-19.464;-19.434;-19.405;-19.375;-19.344;-19.314;-19.283;-19.252;-19.221;-19.19;-19.158;-19.126;-19.095;-19.062,0;0;0;0;0;0;0;0;0;0;0;0;0;0;0;0;0;0;0;0;0;0;0;0;0;0;0;0;0;0;0;0;0;0;0;0;0;0;0;0;0;0;0;0;0;0;0;0;0;0;0;0;0;0;0;0;0;0;0;0;0;0;0;0;0;0;0;0;0;0;0;0;0;0;0;0;0;0;0;0;0;0;0;0;0;0;0;0;0;0;0;0;0;0;0;0;0;0;0;0;0;0;0;0;0;0;0;0;0;0;0;0;0;0;0;0;0;0;0;0;0;0;0;0;0;0;0;0;0;0;0;0;0;0;0;0;0;0;0;0;0;0
3,54,6927,100000,2.3,2.026,1,,,,CCD,18540,18680,10,36.109;35.704;35.294;34.879;34.458;34.033;33.601;33.165;32.723;32.275;31.822;31.363;30.899;30.43;29.954;29.473;28.986;28.494;27.996;27.493;26.983;26.468;25.948;25.422;24.89;24.353;23.81;23.261;22.707;22.148;21.583;21.013;20.438;19.857;19.271;18.68;18.085;17.484;16.879;16.268;15.654;15.034;14.411;13.783;13.151;12.515;11.876;11.232;10.586;9.935;9.282;8.626;7.967;7.305;6.64;5.974;5.305;4.635;3.963;3.289;2.614;1.938;1.262;0.584;-0.094;-0.772;-1.45;-2.127;-2.805;-3.481;-4.157;-4.832;-5.505;-6.177;-6.847;-7.516;-8.182;-8.846;-9.507;-10.166;-10.822;-11.475;-12.124;-12.771;-13.414;-14.053;-14.688;-15.319;-15.946;-16.569;-17.188;-17.802;-18.411;-19.016;-19.616;-20.211;-20.801;-21.386;-21.966;-22.54;-23.109;-23.673;-24.232;-24.785;-25.332;-25.874;-26.41;-26.941;-27.466;-27.986;-28.5;-29.008;-29.51;-30.007;-30.498;-30.984;-31.463;-31.938;-32.406;-32.869;-33.326;-33.778;-34.225;-34.665;-35.101;-35.531;-35.955;-36.374;-36.788;-37.196;-37.6,-26.55;-26.554;-26.556;-26.559;-26.561;-26.563;-26.564;-26.566;-26.566;-26.567;-26.567;-26.567;-26.567;-26.566;-26.565;-26.563;-26.561;-26.559;-26.557;-26.554;-26.551;-26.547;-26.544;-26.54;-26.535;-26.53;-26.525;-26.52;-26.514;-26.508;-26.501;-26.494;-26.487;-26.48;-26.472;-26.464;-26.455;-26.446;-26.437;-26.427;-26.418;-26.407;-26.397;-26.386;-26.374;-26.363;-26.351;-26.339;-26.326;-26.313;-26.3;-26.286;-26.272;-26.258;-26.243;-26.228;-26.213;-26.197;-26.181;-26.164;-26.148;-26.13;-26.113;-26.095;-26.077;-26.059;-26.04;-26.021;-26.001;-25.982;-25.962;-25.941;-25.92;-25.899;-25.878;-25.856;-25.834;-25.811;-25.789;-25.766;-25.742;-25.718;-25.694;-25.67;-25.645;-25.62;-25.595;-25.569;-25.543;-25.517;-25.49;-25.463;-25.436;-25.408;-25.38;-25.352;-25.323;-25.295;-25.265;-25.236;-25.206;-25.176;-25.146;-25.115;-25.084;-25.053;-25.021;-24.989;-24.957;-24.925;-24.892;-24.859;-24.825;-24.792;-24.758;-24.724;-24.689;-24.654;-24.619;-24.584;-24.549;-24.513;-24.477;-24.44;-24.403;-24.366;-24.329;-24.292;-24.254;-24.216;-24.178,0;0;0;0;0;0;0;0;0;0;0;0;0;0;0;0;0;0;0;0;0;0;0;0;0;0;0;0;0;0;0;0;0;0;0;0;0;0;0;0;0;0;0;0;0;0;0;0;0;0;0;0;0;0;0;0;0;0;0;0;0;0;0;0;0;0;0;0;0;0;0;0;0;0;0;0;0;0;0;0;0;0;0;0;0;0;0;0;0;0;0;0;0;0;0;0;0;0;0;0;0;0;0;0;0;0;0;0;0;0;0;0;0;0;0;0;0;0;0;0;0;0;0;0;0;0;0;0;0;0;0
3,55,6931,100000,2.3,2.026,1,,,,CCD,41447,41590,10,36.825;36.426;36.021;35.612;35.197;34.776;34.35;33.919;33.482;33.04;32.592;32.139;31.679;31.215;30.744;30.268;29.786;29.298;28.804;28.305;27.8;27.289;26.772;26.25;25.722;25.188;24.648;24.103;23.552;22.995;22.432;21.865;21.291;20.712;20.128;19.539;18.944;18.344;17.739;17.13;16.515;15.895;15.271;14.643;14.01;13.372;12.731;12.086;11.437;10.784;10.128;9.468;8.805;8.14;7.471;6.8;6.127;5.451;4.773;4.094;3.413;2.731;2.047;1.363;0.678;-0.008;-0.694;-1.379;-2.065;-2.75;-3.435;-4.119;-4.801;-5.483;-6.163;-6.841;-7.517;-8.191;-8.863;-9.532;-10.199;-10.862;-11.523;-12.18;-12.834;-13.484;-14.131;-14.773;-15.412;-16.046;-16.676;-17.301;-17.922;-18.538;-19.15;-19.756;-20.357;-20.953;-21.544;-22.13;-22.71;-23.285;-23.854;-24.418;-24.976;-25.529;-26.076;-26.617;-27.152;-27.682;-28.206;-28.724;-29.236;-29.743;-30.244;-30.738;-31.227;-31.711;-32.188;-32.66;-33.126;-33.587;-34.041;-34.49;-34.934;-35.372;-35.804;-36.231;-36.652;-37.068;-37.479;-37.884;-38.284;-38.678,-25.845;-25.845;-25.845;-25.844;-25.843;-25.842;-25.841;-25.839;-25.837;-25.835;-25.832;-25.829;-25.826;-25.822;-25.818;-25.813;-25.809;-25.804;-25.798;-25.793;-25.787;-25.78;-25.774;-25.767;-25.759;-25.751;-25.743;-25.735;-25.726;-25.717;-25.708;-25.698;-25.688;-25.678;-25.667;-25.656;-25.644;-25.633;-25.621;-25.608;-25.595;-25.582;-25.569;-25.555;-25.541;-25.526;-25.511;-25.496;-25.481;-25.465;-25.449;-25.432;-25.415;-25.398;-25.381;-25.363;-25.345;-25.326;-25.307;-25.288;-25.268;-25.249;-25.228;-25.208;-25.187;-25.166;-25.144;-25.122;-25.1;-25.077;-25.055;-25.031;-25.008;-24.984;-24.96;-24.935;-24.91;-24.885;-24.86;-24.834;-24.808;-24.781;-24.755;-24.727;-24.7;-24.672;-24.644;-24.616;-24.587;-24.558;-24.529;-24.499;-24.469;-24.439;-24.409;-24.378;-24.347;-24.315;-24.283;-24.251;-24.219;-24.186;-24.153;-24.12;-24.087;-24.053;-24.019;-23.984;-23.95;-23.915;-23.879;-23.844;-23.808;-23.772;-23.736;-23.699;-23.662;-23.625;-23.587;-23.55;-23.512;-23.473;-23.435;-23.396;-23.357;-23.318;-23.278;-23.238;-23.198;-23.158;-23.117;-23.077;-23.036;-22.994,0;0;0;0;0;0;0;0;0;0;0;0;0;0;0;0;0;0;0;0;0;0;0;0;0;0;0;0;0;0;0;0;0;0;0;0;0;0;0;0;0;0;0;0;0;0;0;0;0;0;0;0;0;0;0;0;0;0;0;0;0;0;0;0;0;0;0;0;0;0;0;0;0;0;0;0;0;0;0;0;0;0;0;0;0;0;0;0;0;0;0;0;0;0;0;0;0;0;0;0;0;0;0;0;0;0;0;0;0;0;0;0;0;0;0;0;0;0;0;0;0;0;0;0;0;0;0;0;0;0;0;0;0;0
