StationID,TaskID,WindowID,OrbitNum,IsShadow,IsRelay,WinBeginTime,WinEndTime,Duration
1,1,1,null,0,1,73982,74195,100
2,1,2,null,0,1,24818,25031,100
4,1,3,null,0,1,61774,61987,100
1,2,4,null,0,1,69187,69338,100
2,2,5,null,0,1,83125,83276,100
4,2,6,null,0,1,37748,37899,100
1,3,7,null,0,1,40871,41073,100
2,3,8,null,0,1,32609,32811,100
4,3,9,null,0,1,25828,26030,100
2,4,10,null,0,1,21613,21826,100
4,4,11,null,0,1,42245,42458,100
1,5,12,null,0,1,23893,24096,100
2,5,13,null,0,1,63444,63647,100
3,5,14,null,0,1,6065,6268,100
2,6,15,null,0,1,58491,58756,100
3,6,16,null,0,1,4265,4530,100
2,7,17,null,0,1,50811,51176,100
4,8,18,null,0,1,42348,42678,100
1,9,19,null,0,1,65016,65189,100
4,9,20,null,0,1,79242,79415,100
1,10,21,null,0,1,71162,71492,100
2,11,22,null,0,1,14803,15174,100
4,11,23,null,0,1,45097,45468,100
1,12,24,null,0,1,43785,43943,100
2,12,25,null,0,1,47151,47309,100
4,12,26,null,0,1,47291,47449,100
2,13,27,null,0,1,30223,30429,100
3,13,28,null,0,1,28546,28752,100
4,13,29,null,0,1,30756,30962,100
1,14,30,null,0,1,21410,21572,100
2,14,31,null,0,1,78161,78323,100
4,14,32,null,0,1,72648,72810,100
2,15,33,null,0,1,5587,5762,100
1,16,34,null,0,1,25063,25218,100
2,17,35,null,0,1,68958,69281,100
4,17,36,null,0,1,86053,86376,100
4,18,37,null,0,1,28723,28879,100
2,19,38,null,0,1,73438,73638,100
3,19,39,null,0,1,64155,64355,100
4,19,40,null,0,1,35623,35823,100
1,20,41,null,0,1,42557,42811,100
3,20,42,null,0,1,69409,69663,100
1,21,43,null,0,1,38381,38667,100
3,21,44,null,0,1,9707,9993,100
1,22,45,null,0,1,6856,7203,100
2,22,46,null,0,1,9431,9778,100
4,22,47,null,0,1,77987,78334,100
2,23,48,null,0,1,67430,67752,100
3,23,49,null,0,1,28786,29108,100
4,23,50,null,0,1,14932,15254,100
2,24,51,null,0,1,14648,14914,100
3,24,52,null,0,1,81434,81700,100
4,24,53,null,0,1,78412,78678,100
3,25,54,null,0,1,50021,50315,100
2,26,55,null,0,1,54878,55174,100
2,27,56,null,0,1,17158,17394,100
3,27,57,null,0,1,29611,29847,100
4,27,58,null,0,1,82571,82807,100
2,28,59,null,0,1,3923,4292,100
3,28,60,null,0,1,49882,50251,100
4,28,61,null,0,1,8415,8784,100
1,29,62,null,0,1,57492,57782,100
3,29,63,null,0,1,48319,48609,100
4,29,64,null,0,1,30809,31099,100
1,30,65,null,0,1,9027,9268,100
2,30,66,null,0,1,84110,84351,100
4,30,67,null,0,1,71555,71796,100
2,31,68,null,0,1,14864,15149,100
2,32,69,null,0,1,64597,64779,100
3,32,70,null,0,1,45000,45182,100
1,33,71,null,0,1,30859,31053,100
3,33,72,null,0,1,64191,64385,100
4,33,73,null,0,1,32154,32348,100
1,34,74,null,0,1,65324,65668,100
2,34,75,null,0,1,21137,21481,100
3,34,76,null,0,1,16126,16470,100
1,35,77,null,0,1,53722,54073,100
2,35,78,null,0,1,3888,4239,100
4,35,79,null,0,1,28951,29302,100
1,36,80,null,0,1,33488,33793,100
3,36,81,null,0,1,33628,33933,100
2,37,82,null,0,1,27135,27519,100
3,37,83,null,0,1,27520,27904,100
2,38,84,null,0,1,1263,1508,100
4,38,85,null,0,1,19417,19662,100
1,39,86,null,0,1,64129,64472,100
2,40,87,null,0,1,13035,13367,100
3,40,88,null,0,1,12192,12524,100
4,40,89,null,0,1,18679,19011,100
2,41,90,null,0,1,44912,45288,100
4,41,91,null,0,1,24437,24813,100
1,42,92,null,0,1,74948,75119,100
2,42,93,null,0,1,22368,22539,100
2,43,94,null,0,1,38968,39239,100
3,43,95,null,0,1,25972,26243,100
4,43,96,null,0,1,61727,61998,100
2,44,97,null,0,1,52264,52527,100
3,44,98,null,0,1,26266,26529,100
4,44,99,null,0,1,8948,9211,100
3,45,100,null,0,1,59671,59832,100
4,45,101,null,0,1,11874,12035,100
1,46,102,null,0,1,61647,61916,100
3,46,103,null,0,1,45806,46075,100
2,47,104,null,0,1,13540,13851,100
3,48,105,null,0,1,57945,58245,100
1,49,106,null,0,1,65261,65537,100
3,49,107,null,0,1,82179,82455,100
4,49,108,null,0,1,4620,4896,100
3,50,109,null,0,1,69021,69263,100
2,51,110,null,0,1,62838,63148,100
1,52,111,null,0,1,82091,82358,100
2,52,112,null,0,1,69675,69942,100
3,52,113,null,0,1,78459,78726,100
1,53,114,null,0,1,58602,58798,100
3,53,115,null,0,1,30187,30383,100
4,53,116,null,0,1,16966,17162,100
3,54,117,null,0,1,17124,17397,100
4,54,118,null,0,1,33215,33488,100
2,55,119,null,0,1,45041,45366,100
1,56,120,null,0,1,49833,50194,100
4,56,121,null,0,1,48296,48657,100
2,57,122,null,0,1,55123,55443,100
3,57,123,null,0,1,66078,66398,100
2,58,124,null,0,1,66159,66531,100
3,58,125,null,0,1,61418,61790,100
4,58,126,null,0,1,30206,30578,100
1,59,127,null,0,1,10185,10368,100
4,59,128,null,0,1,23835,24018,100
1,60,129,null,0,1,77902,78146,100
4,60,130,null,0,1,32993,33237,100
1,61,131,null,0,1,81526,81762,100
1,62,132,null,0,1,47038,47237,100
3,62,133,null,0,1,2458,2657,100
4,62,134,null,0,1,81916,82115,100
3,63,135,null,0,1,35770,36051,100
4,63,136,null,0,1,56720,57001,100
1,64,137,null,0,1,81471,81844,100
2,64,138,null,0,1,58551,58924,100
3,64,139,null,0,1,27623,27996,100
3,65,140,null,0,1,5968,6359,100
1,66,141,null,0,1,16304,16464,100
3,66,142,null,0,1,75220,75380,100
4,67,143,null,0,1,18528,18880,100
1,68,144,null,0,1,67356,67547,100
2,68,145,null,0,1,64188,64379,100
3,68,146,null,0,1,25751,25942,100
1,69,147,null,0,1,34919,35138,100
2,69,148,null,0,1,77757,77976,100
4,69,149,null,0,1,22012,22231,100
1,70,150,null,0,1,17585,17854,100
3,70,151,null,0,1,51622,51891,100
1,71,152,null,0,1,29269,29451,100
2,71,153,null,0,1,15213,15395,100
3,71,154,null,0,1,57123,57305,100
2,72,155,null,0,1,79902,80111,100
4,73,156,null,0,1,2777,2973,100
3,74,157,null,0,1,51585,51885,100
1,75,158,null,0,1,11924,12292,100
2,75,159,null,0,1,7224,7592,100
4,75,160,null,0,1,74977,75345,100
2,76,161,null,0,1,79878,80205,100
3,76,162,null,0,1,42510,42837,100
4,76,163,null,0,1,65768,66095,100
2,77,164,null,0,1,23732,24067,100
3,77,165,null,0,1,62193,62528,100
4,77,166,null,0,1,37165,37500,100
1,78,167,null,0,1,43619,43894,100
3,78,168,null,0,1,86345,86620,100
1,79,169,null,0,1,32091,32396,100
2,79,170,null,0,1,16961,17266,100
3,79,171,null,0,1,77487,77792,100
1,80,172,null,0,1,71250,71555,100
3,80,173,null,0,1,85348,85653,100
2,81,174,null,0,1,49083,49425,100
1,82,175,null,0,1,71099,71405,100
3,82,176,null,0,1,74922,75228,100
4,82,177,null,0,1,73586,73892,100
3,83,178,null,0,1,68233,68438,100
4,83,179,null,0,1,58661,58866,100
1,84,180,null,0,1,68829,69009,100
3,84,181,null,0,1,33687,33867,100
4,84,182,null,0,1,65905,66085,100
4,85,183,null,0,1,49586,49962,100
2,86,184,null,0,1,25389,25783,100
4,86,185,null,0,1,38202,38596,100
1,87,186,null,0,1,70860,71158,100
3,87,187,null,0,1,56657,56955,100
4,87,188,null,0,1,67706,68004,100
1,88,189,null,0,1,79525,79833,100
2,88,190,null,0,1,60034,60342,100
3,88,191,null,0,1,874,1182,100
2,89,192,null,0,1,5785,6182,100
1,90,193,null,0,1,46511,46729,100
4,90,194,null,0,1,25984,26202,100
2,91,195,null,0,1,38006,38327,100
3,92,196,null,0,1,33182,33495,100
4,92,197,null,0,1,69379,69692,100
2,93,198,null,0,1,25919,26193,100
3,94,199,null,0,1,28761,29073,100
2,95,200,null,0,1,49195,49379,100
1,96,201,null,0,1,38921,39078,100
2,96,202,null,0,1,85269,85426,100
3,96,203,null,0,1,77870,78027,100
3,97,204,null,0,1,30605,30805,100
1,98,205,null,0,1,4261,4436,100
2,98,206,null,0,1,78936,79111,100
1,99,207,null,0,1,6300,6479,100
2,99,208,null,0,1,23027,23206,100
3,99,209,null,0,1,5929,6108,100
3,100,210,null,0,1,11762,12032,100
3,101,211,null,0,1,33034,33398,100
4,101,212,null,0,1,14368,14732,100
3,102,213,null,0,1,58505,58720,100
1,103,214,null,0,1,49358,49656,100
2,103,215,null,0,1,33585,33883,100
4,103,216,null,0,1,50657,50955,100
1,104,217,null,0,1,20222,20567,100
3,104,218,null,0,1,31625,31970,100
4,105,219,null,0,1,15542,15937,100
1,106,220,null,0,1,59108,59362,100
2,106,221,null,0,1,82808,83062,100
4,106,222,null,0,1,18312,18566,100
1,107,223,null,0,1,33963,34232,100
3,107,224,null,0,1,5414,5683,100
4,107,225,null,0,1,1992,2261,100
1,108,226,null,0,1,250,485,100
1,109,227,null,0,1,22462,22768,100
2,109,228,null,0,1,56828,57134,100
4,109,229,null,0,1,23621,23927,100
2,110,230,null,0,1,53418,53694,100
2,111,231,null,0,1,60826,61011,100
2,112,232,null,0,1,85395,85554,100
3,112,233,null,0,1,21590,21749,100
4,112,234,null,0,1,3181,3340,100
4,113,235,null,0,1,82912,83175,100
2,114,236,null,0,1,30125,30330,100
1,115,237,null,0,1,36742,37053,100
1,116,238,null,0,1,2315,2596,100
3,116,239,null,0,1,19174,19455,100
4,116,240,null,0,1,19219,19500,100
1,117,241,null,0,1,70825,71178,100
2,118,242,null,0,1,25408,25630,100
3,118,243,null,0,1,83226,83448,100
4,119,244,null,0,1,57751,57922,100
3,120,245,null,0,1,74999,75366,100
4,120,246,null,0,1,15228,15595,100
2,121,247,null,0,1,83167,83438,100
3,121,248,null,0,1,10132,10403,100
4,121,249,null,0,1,68134,68405,100
1,122,250,null,0,1,42904,43130,100
3,122,251,null,0,1,73940,74166,100
2,123,252,null,0,1,42752,43035,100
3,123,253,null,0,1,3130,3413,100
4,123,254,null,0,1,57788,58071,100
1,124,255,null,0,1,34369,34641,100
1,125,256,null,0,1,4646,4817,100
2,125,257,null,0,1,30900,31071,100
3,125,258,null,0,1,76939,77110,100
1,126,259,null,0,1,73123,73454,100
2,126,260,null,0,1,50541,50872,100
4,126,261,null,0,1,8560,8891,100
1,127,262,null,0,1,84526,84690,100
2,127,263,null,0,1,77443,77607,100
3,128,264,null,0,1,78145,78488,100
1,129,265,null,0,1,61151,61356,100
3,129,266,null,0,1,63747,63952,100
1,130,267,null,0,1,11704,11873,100
3,130,268,null,0,1,30949,31118,100
4,130,269,null,0,1,83044,83213,100
3,131,270,null,0,1,31183,31372,100
3,132,271,null,0,1,62628,62895,100
2,133,272,null,0,1,24724,25062,100
3,133,273,null,0,1,8404,8742,100
4,133,274,null,0,1,25923,26261,100
3,134,275,null,0,1,66331,66709,100
1,135,276,null,0,1,78006,78206,100
3,135,277,null,0,1,71496,71696,100
2,136,278,null,0,1,20838,21111,100
4,137,279,null,0,1,16438,16617,100
1,138,280,null,0,1,63738,63944,100
3,138,281,null,0,1,22295,22501,100
1,139,282,null,0,1,55476,55763,100
3,139,283,null,0,1,59254,59541,100
4,139,284,null,0,1,19727,20014,100
1,140,285,null,0,1,81669,81853,100
3,140,286,null,0,1,74764,74948,100
2,141,287,null,0,1,67143,67478,100
3,141,288,null,0,1,55244,55579,100
1,142,289,null,0,1,67790,68005,100
3,142,290,null,0,1,54402,54617,100
4,142,291,null,0,1,63528,63743,100
2,143,292,null,0,1,40661,40978,100
4,143,293,null,0,1,79465,79782,100
1,144,294,null,0,1,9228,9551,100
1,145,295,null,0,1,10491,10724,100
4,145,296,null,0,1,65421,65654,100
1,146,297,null,0,1,43230,43471,100
2,146,298,null,0,1,4019,4260,100
3,146,299,null,0,1,3264,3505,100
4,147,300,null,0,1,8265,8431,100
1,148,301,null,0,1,75267,75459,100
3,148,302,null,0,1,83807,83999,100
4,148,303,null,0,1,6014,6206,100
4,149,304,null,0,1,84909,85293,100
1,150,305,null,0,1,29575,29724,100
3,150,306,null,0,1,3572,3721,100
1,151,307,null,0,1,34348,34521,100
2,151,308,null,0,1,33696,33869,100
3,151,309,null,0,1,65266,65439,100
3,152,310,null,0,1,57803,58160,100
4,152,311,null,0,1,66714,67071,100
1,153,312,null,0,1,44289,44608,100
2,153,313,null,0,1,8220,8539,100
3,153,314,null,0,1,42702,43021,100
1,154,315,null,0,1,71294,71635,100
2,154,316,null,0,1,5600,5941,100
3,154,317,null,0,1,68298,68639,100
1,155,318,null,0,1,56654,56822,100
4,155,319,null,0,1,8903,9071,100
1,156,320,null,0,1,2996,3274,100
2,156,321,null,0,1,72892,73170,100
3,156,322,null,0,1,80404,80682,100
4,157,323,null,0,1,52910,53135,100
4,158,324,null,0,1,33683,33841,100
1,159,325,null,0,1,5700,5950,100
2,159,326,null,0,1,82113,82363,100
4,159,327,null,0,1,11859,12109,100
1,160,328,null,0,1,58239,58399,100
3,161,329,null,0,1,20050,20209,100
1,162,330,null,0,1,48337,48660,100
2,162,331,null,0,1,69641,69964,100
4,162,332,null,0,1,21748,22071,100
1,163,333,null,0,1,59618,59918,100
2,163,334,null,0,1,3049,3349,100
4,163,335,null,0,1,34921,35221,100
1,164,336,null,0,1,36223,36605,100
1,165,337,null,0,1,74375,74643,100
2,166,338,null,0,1,34626,34775,100
3,166,339,null,0,1,76521,76670,100
4,166,340,null,0,1,23611,23760,100
2,167,341,null,0,1,48236,48390,100
4,167,342,null,0,1,9559,9713,100
1,168,343,null,0,1,41444,41642,100
3,168,344,null,0,1,35061,35259,100
4,168,345,null,0,1,30963,31161,100
2,169,346,null,0,1,55482,55758,100
3,169,347,null,0,1,80596,80872,100
4,169,348,null,0,1,51312,51588,100
1,170,349,null,0,1,57108,57294,100
3,170,350,null,0,1,30843,31029,100
4,170,351,null,0,1,54189,54375,100
1,171,352,null,0,1,17863,18025,100
3,171,353,null,0,1,13286,13448,100
4,171,354,null,0,1,54663,54825,100
2,172,355,null,0,1,48121,48383,100
3,172,356,null,0,1,46815,47077,100
4,172,357,null,0,1,67956,68218,100
2,173,358,null,0,1,64828,65093,100
3,173,359,null,0,1,54526,54791,100
4,173,360,null,0,1,72791,73056,100
1,174,361,null,0,1,5742,6048,100
3,174,362,null,0,1,43740,44046,100
2,175,363,null,0,1,27728,28057,100
4,175,364,null,0,1,83490,83819,100
1,176,365,null,0,1,80287,80471,100
1,177,366,null,0,1,17179,17555,100
2,177,367,null,0,1,68338,68714,100
3,177,368,null,0,1,38373,38749,100
1,178,369,null,0,1,58661,58810,100
4,178,370,null,0,1,22817,22966,100
1,179,371,null,0,1,44806,44996,100
2,180,372,null,0,1,23754,23998,100
3,180,373,null,0,1,83380,83624,100
4,180,374,null,0,1,34544,34788,100
1,181,375,null,0,1,83075,83382,100
2,181,376,null,0,1,85024,85331,100
4,181,377,null,0,1,69385,69692,100
3,182,378,null,0,1,14447,14669,100
4,182,379,null,0,1,64488,64710,100
1,183,380,null,0,1,55972,56236,100
3,183,381,null,0,1,50528,50792,100
4,183,382,null,0,1,13749,14013,100
1,184,383,null,0,1,13373,13767,100
2,185,384,null,0,1,42161,42387,100
3,185,385,null,0,1,73357,73583,100
4,185,386,null,0,1,41815,42041,100
1,186,387,null,0,1,21635,21787,100
2,186,388,null,0,1,18573,18725,100
3,186,389,null,0,1,10533,10685,100
2,187,390,null,0,1,24749,24986,100
4,187,391,null,0,1,18858,19095,100
1,188,392,null,0,1,67226,67621,100
4,188,393,null,0,1,68586,68981,100
3,189,394,null,0,1,48936,49208,100
1,190,395,null,0,1,27137,27528,100
3,190,396,null,0,1,80786,81177,100
4,190,397,null,0,1,14075,14466,100
2,191,398,null,0,1,67803,67969,100
1,192,399,null,0,1,14559,14741,100
1,193,400,null,0,1,29201,29520,100
2,193,401,null,0,1,28981,29300,100
4,193,402,null,0,1,77125,77444,100
4,194,403,null,0,1,38183,38361,100
2,195,404,null,0,1,83596,83917,100
1,196,405,null,0,1,42253,42597,100
3,197,406,null,0,1,54339,54715,100
4,197,407,null,0,1,39162,39538,100
3,198,408,null,0,1,40815,41174,100
4,198,409,null,0,1,76915,77274,100
3,199,410,null,0,1,1936,2092,100
1,200,411,null,0,1,40495,40824,100
2,200,412,null,0,1,29935,30264,100
3,200,413,null,0,1,69745,70074,100
3,201,414,null,0,1,52457,52671,100
1,202,415,null,0,1,825,1166,100
3,202,416,null,0,1,4265,4606,100
4,202,417,null,0,1,46881,47222,100
1,203,418,null,0,1,12477,12652,100
2,203,419,null,0,1,2231,2406,100
3,203,420,null,0,1,20506,20681,100
4,204,421,null,0,1,67486,67775,100
2,205,422,null,0,1,27271,27667,100
3,205,423,null,0,1,41799,42195,100
3,206,424,null,0,1,52432,52683,100
2,207,425,null,0,1,54184,54407,100
2,208,426,null,0,1,69758,70130,100
1,209,427,null,0,1,29710,30054,100
2,210,428,null,0,1,56215,56425,100
3,210,429,null,0,1,55113,55323,100
4,210,430,null,0,1,76152,76362,100
1,211,431,null,0,1,8652,8902,100
4,211,432,null,0,1,61725,61975,100
1,212,433,null,0,1,38992,39243,100
3,212,434,null,0,1,7024,7275,100
4,212,435,null,0,1,33197,33448,100
3,213,436,null,0,1,27060,27268,100
4,213,437,null,0,1,68462,68670,100
1,214,438,null,0,1,22441,22800,100
3,214,439,null,0,1,75623,75982,100
2,215,440,null,0,1,72047,72204,100
1,216,441,null,0,1,14662,14907,100
3,216,442,null,0,1,19817,20062,100
4,216,443,null,0,1,81979,82224,100
3,217,444,null,0,1,35560,35857,100
4,218,445,null,0,1,12148,12364,100
1,219,446,null,0,1,80029,80339,100
3,219,447,null,0,1,628,938,100
4,219,448,null,0,1,24340,24650,100
1,220,449,null,0,1,85994,86382,100
2,220,450,null,0,1,43089,43477,100
1,221,451,null,0,1,27318,27694,100
2,221,452,null,0,1,25684,26060,100
3,221,453,null,0,1,54722,55098,100
4,222,454,null,0,1,4546,4815,100
1,223,455,null,0,1,8480,8637,100
3,223,456,null,0,1,33779,33936,100
2,224,457,null,0,1,69447,69617,100
3,225,458,null,0,1,31662,31999,100
1,226,459,null,0,1,50090,50291,100
3,226,460,null,0,1,82439,82640,100
4,226,461,null,0,1,65681,65882,100
1,227,462,null,0,1,61859,62103,100
2,228,463,null,0,1,34178,34517,100
3,228,464,null,0,1,71224,71563,100
4,228,465,null,0,1,42620,42959,100
4,229,466,null,0,1,65896,66280,100
3,230,467,null,0,1,33924,34199,100
4,230,468,null,0,1,2696,2971,100
1,231,469,null,0,1,66031,66282,100
3,231,470,null,0,1,55108,55359,100
4,231,471,null,0,1,24682,24933,100
1,232,472,null,0,1,2736,2921,100
3,232,473,null,0,1,83371,83556,100
2,233,474,null,0,1,7609,7963,100
3,233,475,null,0,1,78146,78500,100
1,234,476,null,0,1,19224,19495,100
2,234,477,null,0,1,12561,12832,100
3,234,478,null,0,1,76797,77068,100
1,235,479,null,0,1,25064,25222,100
3,235,480,null,0,1,54934,55092,100
2,236,481,null,0,1,61830,62127,100
3,236,482,null,0,1,64661,64958,100
4,236,483,null,0,1,38379,38676,100
3,237,484,null,0,1,42787,42990,100
1,238,485,null,0,1,8765,9121,100
2,238,486,null,0,1,55315,55671,100
4,238,487,null,0,1,16295,16651,100
1,239,488,null,0,1,56390,56762,100
2,239,489,null,0,1,57917,58289,100
4,239,490,null,0,1,33762,34134,100
2,240,491,null,0,1,61172,61343,100
1,241,492,null,0,1,70339,70552,100
3,241,493,null,0,1,65725,65938,100
4,241,494,null,0,1,32613,32826,100
2,242,495,null,0,1,36751,37121,100
3,242,496,null,0,1,26310,26680,100
3,243,497,null,0,1,34393,34754,100
4,243,498,null,0,1,50230,50591,100
2,244,499,null,0,1,79749,80116,100
3,244,500,null,0,1,40269,40636,100
4,244,501,null,0,1,84598,84965,100
3,245,502,null,0,1,1743,1986,100
2,246,503,null,0,1,18823,19072,100
1,247,504,null,0,1,23181,23483,100
3,247,505,null,0,1,15440,15742,100
4,247,506,null,0,1,65063,65365,100
2,248,507,null,0,1,30249,30428,100
2,249,508,null,0,1,41227,41579,100
3,249,509,null,0,1,18883,19235,100
4,249,510,null,0,1,24868,25220,100
2,250,511,null,0,1,52933,53325,100
3,250,512,null,0,1,64640,65032,100
3,251,513,null,0,1,38265,38468,100
1,252,514,null,0,1,15983,16187,100
2,252,515,null,0,1,76259,76463,100
4,252,516,null,0,1,84707,84911,100
1,253,517,null,0,1,52241,52590,100
3,253,518,null,0,1,499,848,100
3,254,519,null,0,1,62466,62809,100
4,254,520,null,0,1,51958,52301,100
2,255,521,null,0,1,34454,34802,100
2,256,522,null,0,1,61793,62017,100
3,256,523,null,0,1,45689,45913,100
4,256,524,null,0,1,33885,34109,100
1,257,525,null,0,1,59626,59925,100
4,257,526,null,0,1,73449,73748,100
2,258,527,null,0,1,8350,8693,100
3,258,528,null,0,1,79286,79629,100
4,258,529,null,0,1,14488,14831,100
1,259,530,null,0,1,63343,63578,100
2,259,531,null,0,1,70699,70934,100
4,259,532,null,0,1,1831,2066,100
1,260,533,null,0,1,49133,49371,100
3,260,534,null,0,1,50893,51131,100
1,261,535,null,0,1,37660,37938,100
2,261,536,null,0,1,22373,22651,100
3,261,537,null,0,1,41407,41685,100
1,262,538,null,0,1,64941,65255,100
2,262,539,null,0,1,85823,86137,100
2,263,540,null,0,1,56712,57082,100
3,263,541,null,0,1,76493,76863,100
4,263,542,null,0,1,62391,62761,100
4,264,543,null,0,1,25362,25511,100
2,265,544,null,0,1,19175,19416,100
1,266,545,null,0,1,42922,43245,100
2,266,546,null,0,1,46115,46438,100
3,266,547,null,0,1,38604,38927,100
2,267,548,null,0,1,52882,53231,100
4,267,549,null,0,1,80041,80390,100
2,268,550,null,0,1,62948,63189,100
3,268,551,null,0,1,20031,20272,100
4,268,552,null,0,1,1472,1713,100
1,269,553,null,0,1,34506,34714,100
3,269,554,null,0,1,25069,25277,100
3,270,555,null,0,1,35657,35835,100
4,270,556,null,0,1,37046,37224,100
1,271,557,null,0,1,48208,48467,100
2,271,558,null,0,1,26702,26961,100
3,271,559,null,0,1,42837,43096,100
3,272,560,null,0,1,17796,18009,100
4,272,561,null,0,1,25764,25977,100
2,273,562,null,0,1,64682,64895,100
3,273,563,null,0,1,51524,51737,100
4,273,564,null,0,1,77601,77814,100
1,274,565,null,0,1,5731,5932,100
2,274,566,null,0,1,81292,81493,100
3,274,567,null,0,1,74368,74569,100
4,275,568,null,0,1,24666,25037,100
2,276,569,null,0,1,49412,49807,100
4,276,570,null,0,1,18791,19186,100
3,277,571,null,0,1,35054,35410,100
4,277,572,null,0,1,79239,79595,100
2,278,573,null,0,1,26687,26871,100
1,279,574,null,0,1,84540,84695,100
2,279,575,null,0,1,50886,51041,100
4,279,576,null,0,1,33178,33333,100
1,280,577,null,0,1,51090,51267,100
2,280,578,null,0,1,51767,51944,100
4,280,579,null,0,1,65167,65344,100
1,281,580,null,0,1,4346,4601,100
1,282,581,null,0,1,51136,51302,100
4,282,582,null,0,1,63595,63761,100
4,283,583,null,0,1,24386,24678,100
2,284,584,null,0,1,22231,22505,100
4,285,585,null,0,1,84120,84315,100
2,286,586,null,0,1,61745,62085,100
1,287,587,null,0,1,1425,1666,100
2,288,588,null,0,1,41733,41996,100
3,288,589,null,0,1,73409,73672,100
2,289,590,null,0,1,34111,34494,100
3,289,591,null,0,1,38948,39331,100
4,290,592,null,0,1,3859,4065,100
2,291,593,null,0,1,57545,57752,100
2,292,594,null,0,1,74624,74818,100
4,292,595,null,0,1,35264,35458,100
1,293,596,null,0,1,71018,71346,100
4,293,597,null,0,1,35074,35402,100
1,294,598,null,0,1,64268,64609,100
3,294,599,null,0,1,55916,56257,100
4,294,600,null,0,1,55172,55513,100
1,295,601,null,0,1,78491,78869,100
2,295,602,null,0,1,24352,24730,100
3,295,603,null,0,1,79282,79660,100
1,296,604,null,0,1,78632,78964,100
2,296,605,null,0,1,17031,17363,100
4,296,606,null,0,1,7410,7742,100
2,297,607,null,0,1,56652,56840,100
3,297,608,null,0,1,10154,10342,100
4,297,609,null,0,1,57390,57578,100
2,298,610,null,0,1,64029,64426,100
4,298,611,null,0,1,73457,73854,100
2,299,612,null,0,1,22284,22568,100
1,300,613,null,0,1,5126,5385,100
4,300,614,null,0,1,3788,4047,100
1,301,615,null,0,1,51017,51248,100
2,301,616,null,0,1,79215,79446,100
4,301,617,null,0,1,8869,9100,100
1,302,618,null,0,1,75204,75391,100
2,302,619,null,0,1,2464,2651,100
3,302,620,null,0,1,2919,3106,100
4,303,621,null,0,1,79326,79565,100
3,304,622,null,0,1,65593,65798,100
2,305,623,null,0,1,23384,23692,100
4,305,624,null,0,1,42130,42438,100
3,306,625,null,0,1,79926,80280,100
4,306,626,null,0,1,72417,72771,100
2,307,627,null,0,1,47821,48183,100
4,307,628,null,0,1,60290,60652,100
1,308,629,null,0,1,77351,77718,100
2,308,630,null,0,1,44970,45337,100
3,308,631,null,0,1,30804,31171,100
1,309,632,null,0,1,55298,55655,100
2,309,633,null,0,1,47220,47577,100
2,310,634,null,0,1,23107,23476,100
4,310,635,null,0,1,76243,76612,100
2,311,636,null,0,1,57038,57196,100
1,312,637,null,0,1,31970,32149,100
2,312,638,null,0,1,22491,22670,100
3,312,639,null,0,1,13700,13879,100
3,313,640,null,0,1,49119,49402,100
1,314,641,null,0,1,62316,62662,100
2,314,642,null,0,1,42885,43231,100
3,314,643,null,0,1,86290,86636,100
1,315,644,null,0,1,46978,47316,100
2,315,645,null,0,1,29405,29743,100
4,315,646,null,0,1,43888,44226,100
3,316,647,null,0,1,49678,49867,100
1,317,648,null,0,1,35642,36024,100
3,318,649,null,0,1,81334,81524,100
4,318,650,null,0,1,56078,56268,100
2,319,651,null,0,1,62875,63046,100
3,319,652,null,0,1,65842,66013,100
4,319,653,null,0,1,56295,56466,100
1,320,654,null,0,1,79451,79681,100
3,320,655,null,0,1,36153,36383,100
4,320,656,null,0,1,28286,28516,100
2,321,657,null,0,1,67832,68116,100
3,322,658,null,0,1,55010,55185,100
4,323,659,null,0,1,27266,27610,100
1,324,660,null,0,1,15370,15532,100
3,324,661,null,0,1,59946,60108,100
4,325,662,null,0,1,80387,80732,100
2,326,663,null,0,1,28423,28730,100
3,326,664,null,0,1,58929,59236,100
2,327,665,null,0,1,85659,86023,100
4,327,666,null,0,1,46980,47344,100
4,328,667,null,0,1,76059,76229,100
1,329,668,null,0,1,1972,2235,100
2,329,669,null,0,1,6419,6682,100
4,329,670,null,0,1,49761,50024,100
2,330,671,null,0,1,77861,78094,100
2,331,672,null,0,1,12992,13303,100
1,332,673,null,0,1,28455,28806,100
3,332,674,null,0,1,8456,8807,100
4,332,675,null,0,1,33620,33971,100
1,333,676,null,0,1,3791,4080,100
3,334,677,null,0,1,24862,25132,100
2,335,678,null,0,1,23145,23319,100
4,335,679,null,0,1,36085,36259,100
3,336,680,null,0,1,22927,23132,100
1,337,681,null,0,1,56705,56947,100
3,337,682,null,0,1,34246,34488,100
3,338,683,null,0,1,9155,9434,100
4,338,684,null,0,1,70088,70367,100
4,339,685,null,0,1,38824,39084,100
1,340,686,null,0,1,53753,53954,100
2,340,687,null,0,1,20013,20214,100
4,340,688,null,0,1,83401,83602,100
1,341,689,null,0,1,20909,21145,100
3,341,690,null,0,1,48035,48271,100
2,342,691,null,0,1,39392,39578,100
3,342,692,null,0,1,70338,70524,100
4,342,693,null,0,1,38346,38532,100
1,343,694,null,0,1,22444,22747,100
3,343,695,null,0,1,85271,85574,100
4,343,696,null,0,1,28030,28333,100
1,344,697,null,0,1,25859,26158,100
1,345,698,null,0,1,34802,35011,100
4,345,699,null,0,1,42346,42555,100
1,346,700,null,0,1,76610,76829,100
1,347,701,null,0,1,35071,35394,100
2,347,702,null,0,1,84752,85075,100
3,347,703,null,0,1,35275,35598,100
1,348,704,null,0,1,82884,83207,100
3,348,705,null,0,1,32997,33320,100
1,349,706,null,0,1,54229,54426,100
2,349,707,null,0,1,24733,24930,100
4,349,708,null,0,1,57487,57684,100
1,350,709,null,0,1,46771,47153,100
2,350,710,null,0,1,55169,55551,100
4,350,711,null,0,1,86102,86484,100
1,351,712,null,0,1,74255,74466,100
2,351,713,null,0,1,53896,54107,100
3,351,714,null,0,1,11554,11765,100
1,352,715,null,0,1,35885,36093,100
2,352,716,null,0,1,3001,3209,100
3,352,717,null,0,1,24634,24842,100
1,353,718,null,0,1,61947,62282,100
2,353,719,null,0,1,39556,39891,100
3,353,720,null,0,1,58491,58826,100
2,354,721,null,0,1,9525,9912,100
4,354,722,null,0,1,52890,53277,100
3,355,723,null,0,1,56848,57010,100
1,356,724,null,0,1,66236,66583,100
2,356,725,null,0,1,54419,54766,100
3,357,726,null,0,1,46193,46554,100
4,357,727,null,0,1,61015,61376,100
1,358,728,null,0,1,55258,55516,100
3,358,729,null,0,1,2291,2549,100
3,359,730,null,0,1,47374,47730,100
4,360,731,null,0,1,86390,86694,100
4,361,732,null,0,1,55393,55729,100
3,362,733,null,0,1,65252,65467,100
2,363,734,null,0,1,15626,15965,100
4,363,735,null,0,1,63454,63793,100
1,364,736,null,0,1,80107,80329,100
1,365,737,null,0,1,23384,23767,100
2,365,738,null,0,1,77057,77440,100
3,365,739,null,0,1,5106,5489,100
2,366,740,null,0,1,14318,14518,100
3,366,741,null,0,1,84380,84580,100
3,367,742,null,0,1,70128,70429,100
3,368,743,null,0,1,66677,67027,100
4,368,744,null,0,1,66670,67020,100
1,369,745,null,0,1,44225,44522,100
3,369,746,null,0,1,78204,78501,100
4,370,747,null,0,1,52189,52440,100
2,371,748,null,0,1,34333,34535,100
3,371,749,null,0,1,51146,51348,100
4,371,750,null,0,1,71882,72084,100
2,372,751,null,0,1,42104,42262,100
4,372,752,null,0,1,77510,77668,100
4,373,753,null,0,1,4915,5073,100
3,374,754,null,0,1,62553,62702,100
4,374,755,null,0,1,80084,80233,100
3,375,756,null,0,1,61992,62373,100
4,375,757,null,0,1,33876,34257,100
1,376,758,null,0,1,53128,53320,100
2,376,759,null,0,1,19679,19871,100
4,376,760,null,0,1,44567,44759,100
1,377,761,null,0,1,4280,4514,100
3,377,762,null,0,1,75553,75787,100
4,377,763,null,0,1,35211,35445,100
2,378,764,null,0,1,48309,48521,100
2,379,765,null,0,1,58740,59132,100
4,379,766,null,0,1,77021,77413,100
2,380,767,null,0,1,21456,21685,100
4,380,768,null,0,1,33385,33614,100
1,381,769,null,0,1,51006,51297,100
2,381,770,null,0,1,54561,54852,100
3,381,771,null,0,1,17619,17910,100
3,382,772,null,0,1,18555,18738,100
4,382,773,null,0,1,35969,36152,100
1,383,774,null,0,1,25644,25926,100
2,383,775,null,0,1,38774,39056,100
3,383,776,null,0,1,23987,24269,100
1,384,777,null,0,1,76985,77333,100
2,384,778,null,0,1,55317,55665,100
4,384,779,null,0,1,54814,55162,100
4,385,780,null,0,1,40655,40931,100
1,386,781,null,0,1,65175,65374,100
2,386,782,null,0,1,8726,8925,100
1,387,783,null,0,1,16041,16257,100
2,388,784,null,0,1,47266,47551,100
3,388,785,null,0,1,11822,12107,100
4,388,786,null,0,1,11035,11320,100
4,389,787,null,0,1,9110,9336,100
4,390,788,null,0,1,17820,18143,100
1,391,789,null,0,1,3214,3549,100
2,391,790,null,0,1,41555,41890,100
1,392,791,null,0,1,68282,68501,100
3,392,792,null,0,1,20655,20874,100
1,393,793,null,0,1,49185,49359,100
3,393,794,null,0,1,17413,17587,100
4,394,795,null,0,1,30732,31114,100
1,395,796,null,0,1,21680,21887,100
2,395,797,null,0,1,53023,53230,100
4,395,798,null,0,1,54882,55089,100
2,396,799,null,0,1,66862,67199,100
2,397,800,null,0,1,59211,59460,100
1,398,801,null,0,1,82409,82664,100
2,398,802,null,0,1,49838,50093,100
3,398,803,null,0,1,49148,49403,100
2,399,804,null,0,1,54491,54722,100
3,400,805,null,0,1,41935,42330,100
2,401,806,null,0,1,14832,15115,100
4,401,807,null,0,1,47353,47636,100
4,402,808,null,0,1,69785,69994,100
2,403,809,null,0,1,61094,61391,100
3,403,810,null,0,1,77956,78253,100
1,404,811,null,0,1,49465,49638,100
3,404,812,null,0,1,11688,11861,100
3,405,813,null,0,1,82573,82755,100
4,405,814,null,0,1,65123,65305,100
1,406,815,null,0,1,84620,84892,100
3,406,816,null,0,1,77202,77474,100
1,407,817,null,0,1,45311,45672,100
1,408,818,null,0,1,34560,34820,100
4,408,819,null,0,1,75332,75592,100
2,409,820,null,0,1,67756,68044,100
4,409,821,null,0,1,29859,30147,100
4,410,822,null,0,1,37588,37929,100
2,411,823,null,0,1,80761,80995,100
3,411,824,null,0,1,14978,15212,100
4,411,825,null,0,1,52639,52873,100
1,412,826,null,0,1,55789,55942,100
2,412,827,null,0,1,31814,31967,100
3,412,828,null,0,1,29755,29908,100
1,413,829,null,0,1,9688,9846,100
3,413,830,null,0,1,23371,23529,100
4,413,831,null,0,1,21102,21260,100
1,414,832,null,0,1,29867,30239,100
3,414,833,null,0,1,20410,20782,100
4,415,834,null,0,1,38346,38589,100
4,416,835,null,0,1,7766,8118,100
1,417,836,null,0,1,18477,18825,100
2,417,837,null,0,1,17340,17688,100
3,417,838,null,0,1,11175,11523,100
3,418,839,null,0,1,6548,6943,100
1,419,840,null,0,1,57780,58128,100
2,419,841,null,0,1,1524,1872,100
4,419,842,null,0,1,69849,70197,100
3,420,843,null,0,1,35981,36310,100
3,421,844,null,0,1,70800,71022,100
3,422,845,null,0,1,35131,35526,100
4,422,846,null,0,1,74810,75205,100
1,423,847,null,0,1,15807,16137,100
3,423,848,null,0,1,16076,16406,100
4,423,849,null,0,1,56736,57066,100
3,424,850,null,0,1,30109,30425,100
4,424,851,null,0,1,13747,14063,100
4,425,852,null,0,1,82869,83103,100
1,426,853,null,0,1,23683,24074,100
1,427,854,null,0,1,85955,86280,100
1,428,855,null,0,1,58084,58259,100
2,428,856,null,0,1,52868,53043,100
3,428,857,null,0,1,33679,33854,100
1,429,858,null,0,1,59228,59525,100
2,429,859,null,0,1,17438,17735,100
4,429,860,null,0,1,41108,41405,100
2,430,861,null,0,1,67610,67959,100
1,431,862,null,0,1,64487,64817,100
3,431,863,null,0,1,78905,79235,100
3,432,864,null,0,1,39975,40125,100
1,433,865,null,0,1,60280,60599,100
2,433,866,null,0,1,46530,46849,100
4,433,867,null,0,1,19788,20107,100
1,434,868,null,0,1,44812,45161,100
3,434,869,null,0,1,21634,21983,100
4,434,870,null,0,1,57269,57618,100
2,435,871,null,0,1,26282,26541,100
3,435,872,null,0,1,50026,50285,100
1,436,873,null,0,1,7080,7330,100
2,436,874,null,0,1,85051,85301,100
3,436,875,null,0,1,30388,30638,100
2,437,876,null,0,1,15639,15965,100
3,437,877,null,0,1,42555,42881,100
4,437,878,null,0,1,34266,34592,100
1,438,879,null,0,1,73664,73893,100
2,439,880,null,0,1,8293,8645,100
3,439,881,null,0,1,31579,31931,100
4,439,882,null,0,1,33892,34244,100
1,440,883,null,0,1,517,668,100
3,441,884,null,0,1,81247,81480,100
4,441,885,null,0,1,47152,47385,100
4,442,886,null,0,1,54769,55026,100
2,443,887,null,0,1,44716,45053,100
4,443,888,null,0,1,62378,62715,100
1,444,889,null,0,1,39756,40050,100
2,444,890,null,0,1,73136,73430,100
3,444,891,null,0,1,43101,43395,100
3,445,892,null,0,1,62847,63180,100
4,445,893,null,0,1,32608,32941,100
2,446,894,null,0,1,76839,77188,100
3,446,895,null,0,1,2243,2592,100
4,447,896,null,0,1,61445,61715,100
1,448,897,null,0,1,40575,40803,100
2,449,898,null,0,1,39993,40282,100
3,449,899,null,0,1,83851,84140,100
2,450,900,null,0,1,63533,63802,100
4,450,901,null,0,1,81063,81332,100
3,451,902,null,0,1,7639,7914,100
4,451,903,null,0,1,42606,42881,100
1,452,904,null,0,1,63080,63291,100
2,452,905,null,0,1,15406,15617,100
3,452,906,null,0,1,85940,86151,100
2,453,907,null,0,1,15586,15851,100
4,453,908,null,0,1,8549,8814,100
4,454,909,null,0,1,47847,48114,100
1,455,910,null,0,1,53040,53420,100
2,455,911,null,0,1,59561,59941,100
2,456,912,null,0,1,32220,32450,100
3,456,913,null,0,1,28540,28770,100
1,457,914,null,0,1,1624,1849,100
3,457,915,null,0,1,252,477,100
4,457,916,null,0,1,72654,72879,100
4,458,917,null,0,1,83535,83685,100
1,459,918,null,0,1,30373,30597,100
3,459,919,null,0,1,38985,39209,100
4,459,920,null,0,1,1374,1598,100
1,460,921,null,0,1,6212,6588,100
4,460,922,null,0,1,8822,9198,100
4,461,923,null,0,1,1596,1877,100
2,462,924,null,0,1,70853,71043,100
3,462,925,null,0,1,31659,31849,100
4,463,926,null,0,1,50676,51038,100
1,464,927,null,0,1,5075,5248,100
2,464,928,null,0,1,16673,16846,100
4,464,929,null,0,1,80226,80399,100
2,465,930,null,0,1,11156,11465,100
3,465,931,null,0,1,3915,4224,100
4,465,932,null,0,1,21551,21860,100
1,466,933,null,0,1,77150,77545,100
2,466,934,null,0,1,42413,42808,100
4,466,935,null,0,1,57287,57682,100
1,467,936,null,0,1,36382,36585,100
3,468,937,null,0,1,21512,21854,100
1,469,938,null,0,1,53237,53423,100
2,469,939,null,0,1,76398,76584,100
4,469,940,null,0,1,48380,48566,100
1,470,941,null,0,1,27335,27705,100
2,470,942,null,0,1,70340,70710,100
3,470,943,null,0,1,71742,72112,100
1,471,944,null,0,1,16563,16820,100
3,471,945,null,0,1,59432,59689,100
4,471,946,null,0,1,60698,60955,100
1,472,947,null,0,1,75962,76357,100
2,472,948,null,0,1,84498,84893,100
3,472,949,null,0,1,31024,31419,100
1,473,950,null,0,1,32816,33103,100
2,473,951,null,0,1,10591,10878,100
3,473,952,null,0,1,13175,13462,100
3,474,953,null,0,1,84704,85077,100
2,475,954,null,0,1,45548,45935,100
4,475,955,null,0,1,67524,67911,100
1,476,956,null,0,1,84015,84369,100
2,476,957,null,0,1,32259,32613,100
3,476,958,null,0,1,82203,82557,100
3,477,959,null,0,1,50455,50739,100
4,477,960,null,0,1,25406,25690,100
1,478,961,null,0,1,29767,30121,100
2,478,962,null,0,1,26155,26509,100
4,478,963,null,0,1,6279,6633,100
1,479,964,null,0,1,69199,69433,100
3,479,965,null,0,1,38684,38918,100
4,480,966,null,0,1,37145,37502,100
4,481,967,null,0,1,30333,30700,100
1,482,968,null,0,1,24680,24856,100
1,483,969,null,0,1,27828,28034,100
2,484,970,null,0,1,6754,6943,100
3,484,971,null,0,1,29876,30065,100
4,484,972,null,0,1,74335,74524,100
1,485,973,null,0,1,28431,28596,100
2,485,974,null,0,1,62519,62684,100
3,485,975,null,0,1,45648,45813,100
1,486,976,null,0,1,78418,78804,100
2,486,977,null,0,1,84266,84652,100
4,486,978,null,0,1,48287,48673,100
4,487,979,null,0,1,12463,12693,100
2,488,980,null,0,1,27318,27469,100
3,488,981,null,0,1,11155,11306,100
4,488,982,null,0,1,82180,82331,100
1,489,983,null,0,1,21214,21526,100
1,490,984,null,0,1,17865,18015,100
2,490,985,null,0,1,213,363,100
2,491,986,null,0,1,22342,22611,100
3,491,987,null,0,1,80595,80864,100
4,491,988,null,0,1,83317,83586,100
2,492,989,null,0,1,44865,45259,100
3,492,990,null,0,1,21447,21841,100
1,493,991,null,0,1,44446,44796,100
4,493,992,null,0,1,12696,13046,100
1,494,993,null,0,1,60611,60784,100
3,494,994,null,0,1,36742,36915,100
1,495,995,null,0,1,9956,10142,100
2,495,996,null,0,1,154,340,100
2,496,997,null,0,1,52162,52321,100
3,496,998,null,0,1,43229,43388,100
4,496,999,null,0,1,50551,50710,100
1,497,1000,null,0,1,44386,44610,100
2,497,1001,null,0,1,58077,58301,100
3,497,1002,null,0,1,70170,70394,100
1,498,1003,null,0,1,83465,83858,100
2,498,1004,null,0,1,21950,22343,100
3,498,1005,null,0,1,32069,32462,100
1,499,1006,null,0,1,55119,55412,100
2,499,1007,null,0,1,67771,68064,100
3,499,1008,null,0,1,53369,53662,100
1,500,1009,null,0,1,64265,64585,100
2,500,1010,null,0,1,78716,79036,100
1,501,1011,null,0,1,81550,81918,100
3,501,1012,null,0,1,32738,33106,100
4,501,1013,null,0,1,63240,63608,100
2,502,1014,null,0,1,45532,45922,100
3,502,1015,null,0,1,26567,26957,100
4,502,1016,null,0,1,62115,62505,100
3,503,1017,null,0,1,25797,26123,100
1,504,1018,null,0,1,70309,70521,100
3,504,1019,null,0,1,79519,79731,100
1,505,1020,null,0,1,67895,68192,100
3,506,1021,null,0,1,75173,75483,100
1,507,1022,null,0,1,40985,41349,100
2,507,1023,null,0,1,85306,85670,100
3,507,1024,null,0,1,45545,45909,100
1,508,1025,null,0,1,66215,66442,100
1,509,1026,null,0,1,64709,64987,100
2,509,1027,null,0,1,16951,17229,100
4,509,1028,null,0,1,76312,76590,100
1,510,1029,null,0,1,78144,78495,100
4,510,1030,null,0,1,59657,60008,100
4,511,1031,null,0,1,67528,67849,100
1,512,1032,null,0,1,60017,60332,100
2,512,1033,null,0,1,47307,47622,100
4,512,1034,null,0,1,64025,64340,100
3,513,1035,null,0,1,85356,85743,100
1,514,1036,null,0,1,54012,54207,100
2,514,1037,null,0,1,18081,18276,100
2,515,1038,null,0,1,43623,43809,100
3,515,1039,null,0,1,10351,10537,100
4,515,1040,null,0,1,44272,44458,100
2,516,1041,null,0,1,65754,65956,100
4,516,1042,null,0,1,56203,56405,100
3,517,1043,null,0,1,11255,11496,100
3,518,1044,null,0,1,49644,49922,100
4,518,1045,null,0,1,73926,74204,100
3,519,1046,null,0,1,80302,80666,100
1,520,1047,null,0,1,22512,22908,100
2,520,1048,null,0,1,23879,24275,100
1,521,1049,null,0,1,27346,27553,100
3,521,1050,null,0,1,66352,66559,100
4,521,1051,null,0,1,68561,68768,100
4,522,1052,null,0,1,43319,43520,100
2,523,1053,null,0,1,33425,33609,100
2,524,1054,null,0,1,8921,9214,100
1,525,1055,null,0,1,25479,25725,100
3,525,1056,null,0,1,42390,42636,100
4,525,1057,null,0,1,82376,82622,100
2,526,1058,null,0,1,18623,18803,100
3,526,1059,null,0,1,56232,56412,100
4,526,1060,null,0,1,56929,57109,100
1,527,1061,null,0,1,70291,70635,100
2,527,1062,null,0,1,68499,68843,100
4,527,1063,null,0,1,72588,72932,100
4,528,1064,null,0,1,10583,10854,100
3,529,1065,null,0,1,75177,75354,100
4,529,1066,null,0,1,35155,35332,100
1,530,1067,null,0,1,286,642,100
2,531,1068,null,0,1,74189,74350,100
3,531,1069,null,0,1,60202,60363,100
4,531,1070,null,0,1,58092,58253,100
1,532,1071,null,0,1,27971,28342,100
4,532,1072,null,0,1,50909,51280,100
1,533,1073,null,0,1,45022,45299,100
2,533,1074,null,0,1,23425,23702,100
4,533,1075,null,0,1,3429,3706,100
2,534,1076,null,0,1,10654,11039,100
3,534,1077,null,0,1,58878,59263,100
1,535,1078,null,0,1,581,847,100
1,536,1079,null,0,1,2913,3237,100
1,537,1080,null,0,1,22599,22785,100
3,537,1081,null,0,1,30241,30427,100
1,538,1082,null,0,1,35430,35586,100
3,538,1083,null,0,1,70498,70654,100
1,539,1084,null,0,1,16515,16769,100
3,539,1085,null,0,1,23690,23944,100
2,540,1086,null,0,1,29397,29650,100
2,541,1087,null,0,1,15675,15947,100
4,541,1088,null,0,1,80190,80462,100
2,542,1089,null,0,1,35373,35714,100
4,542,1090,null,0,1,42594,42935,100
4,543,1091,null,0,1,36177,36487,100
2,544,1092,null,0,1,11286,11465,100
4,544,1093,null,0,1,76272,76451,100
1,545,1094,null,0,1,32877,33275,100
3,545,1095,null,0,1,15074,15472,100
4,545,1096,null,0,1,13374,13772,100
3,546,1097,null,0,1,12616,12950,100
1,547,1098,null,0,1,46033,46390,100
3,548,1099,null,0,1,34969,35206,100
1,549,1100,null,0,1,23026,23371,100
2,549,1101,null,0,1,21818,22163,100
4,549,1102,null,0,1,64032,64377,100
2,550,1103,null,0,1,67130,67510,100
3,550,1104,null,0,1,3771,4151,100
2,551,1105,null,0,1,82709,82917,100
3,551,1106,null,0,1,26093,26301,100
4,552,1107,null,0,1,13535,13783,100
4,553,1108,null,0,1,41122,41339,100
3,554,1109,null,0,1,9486,9650,100
1,555,1110,null,0,1,18549,18766,100
3,555,1111,null,0,1,40317,40534,100
4,555,1112,null,0,1,1673,1890,100
1,556,1113,null,0,1,39036,39403,100
1,557,1114,null,0,1,59593,59830,100
2,557,1115,null,0,1,74375,74612,100
3,557,1116,null,0,1,8646,8883,100
2,558,1117,null,0,1,17710,18055,100
1,559,1118,null,0,1,2701,2872,100
2,559,1119,null,0,1,50159,50330,100
4,559,1120,null,0,1,68381,68552,100
2,560,1121,null,0,1,77374,77578,100
3,560,1122,null,0,1,53516,53720,100
3,561,1123,null,0,1,24660,25033,100
4,561,1124,null,0,1,66103,66476,100
1,562,1125,null,0,1,84090,84400,100
3,562,1126,null,0,1,61161,61471,100
4,562,1127,null,0,1,6415,6725,100
4,563,1128,null,0,1,54451,54603,100
1,564,1129,null,0,1,51677,51903,100
2,564,1130,null,0,1,46677,46903,100
3,564,1131,null,0,1,50103,50329,100
3,565,1132,null,0,1,18125,18445,100
4,565,1133,null,0,1,47182,47502,100
1,566,1134,null,0,1,33459,33807,100
4,566,1135,null,0,1,58317,58665,100
2,567,1136,null,0,1,65004,65158,100
3,567,1137,null,0,1,4879,5033,100
4,567,1138,null,0,1,83331,83485,100
2,568,1139,null,0,1,52956,53123,100
2,569,1140,null,0,1,37019,37272,100
4,569,1141,null,0,1,21330,21583,100
1,570,1142,null,0,1,24146,24376,100
3,570,1143,null,0,1,54242,54472,100
4,570,1144,null,0,1,27325,27555,100
2,571,1145,null,0,1,41270,41601,100
4,572,1146,null,0,1,77298,77520,100
4,573,1147,null,0,1,39344,39608,100
4,574,1148,null,0,1,56914,57122,100
1,575,1149,null,0,1,32935,33132,100
4,575,1150,null,0,1,23,220,100
1,576,1151,null,0,1,62935,63175,100
2,576,1152,null,0,1,45872,46112,100
4,576,1153,null,0,1,14731,14971,100
1,577,1154,null,0,1,64762,64956,100
2,577,1155,null,0,1,3962,4156,100
3,577,1156,null,0,1,75918,76112,100
4,578,1157,null,0,1,58085,58451,100
4,579,1158,null,0,1,15414,15743,100
1,580,1159,null,0,1,25477,25752,100
3,580,1160,null,0,1,54154,54429,100
4,580,1161,null,0,1,44023,44298,100
1,581,1162,null,0,1,21026,21227,100
2,581,1163,null,0,1,59157,59358,100
4,581,1164,null,0,1,65111,65312,100
1,582,1165,null,0,1,60286,60674,100
1,583,1166,null,0,1,1971,2335,100
3,583,1167,null,0,1,66158,66522,100
3,584,1168,null,0,1,34476,34793,100
2,585,1169,null,0,1,69001,69178,100
3,585,1170,null,0,1,50183,50360,100
4,585,1171,null,0,1,57707,57884,100
2,586,1172,null,0,1,66227,66618,100
3,586,1173,null,0,1,32793,33184,100
4,586,1174,null,0,1,46960,47351,100
1,587,1175,null,0,1,40050,40335,100
4,588,1176,null,0,1,48438,48791,100
2,589,1177,null,0,1,54601,54822,100
4,589,1178,null,0,1,21227,21448,100
2,590,1179,null,0,1,61263,61559,100
3,590,1180,null,0,1,44009,44305,100
4,590,1181,null,0,1,45687,45983,100
1,591,1182,null,0,1,34640,34802,100
2,592,1183,null,0,1,3656,3963,100
3,592,1184,null,0,1,6195,6502,100
4,592,1185,null,0,1,15013,15320,100
1,593,1186,null,0,1,6718,7026,100
2,593,1187,null,0,1,28358,28666,100
4,593,1188,null,0,1,38939,39247,100
1,594,1189,null,0,1,33956,34120,100
2,594,1190,null,0,1,74689,74853,100
3,594,1191,null,0,1,59443,59607,100
1,595,1192,null,0,1,82516,82705,100
1,596,1193,null,0,1,3410,3684,100
2,596,1194,null,0,1,7436,7710,100
4,596,1195,null,0,1,61285,61559,100
2,597,1196,null,0,1,71207,71370,100
4,597,1197,null,0,1,44660,44823,100
2,598,1198,null,0,1,31302,31489,100
3,598,1199,null,0,1,8178,8365,100
4,599,1200,null,0,1,85348,85701,100
2,600,1201,null,0,1,10224,10420,100
1,601,1202,null,0,1,40424,40634,100
1,602,1203,null,0,1,68215,68476,100
2,602,1204,null,0,1,79867,80128,100
3,602,1205,null,0,1,62537,62798,100
4,603,1206,null,0,1,57981,58138,100
2,604,1207,null,0,1,43989,44239,100
4,604,1208,null,0,1,55243,55493,100
2,605,1209,null,0,1,35990,36275,100
3,605,1210,null,0,1,56217,56502,100
4,605,1211,null,0,1,82809,83094,100
2,606,1212,null,0,1,21569,21909,100
4,606,1213,null,0,1,67140,67480,100
2,607,1214,null,0,1,33435,33679,100
3,607,1215,null,0,1,15447,15691,100
2,608,1216,null,0,1,9473,9640,100
3,608,1217,null,0,1,28521,28688,100
4,608,1218,null,0,1,80724,80891,100
1,609,1219,null,0,1,83379,83750,100
4,609,1220,null,0,1,21557,21928,100
1,610,1221,null,0,1,53281,53493,100
2,610,1222,null,0,1,57151,57363,100
3,610,1223,null,0,1,23,235,100
4,611,1224,null,0,1,42436,42690,100
1,612,1225,null,0,1,63122,63380,100
2,612,1226,null,0,1,28489,28747,100
1,613,1227,null,0,1,7361,7547,100
2,613,1228,null,0,1,62939,63125,100
4,613,1229,null,0,1,30488,30674,100
1,614,1230,null,0,1,83963,84152,100
1,615,1231,null,0,1,13198,13511,100
4,615,1232,null,0,1,70801,71114,100
3,616,1233,null,0,1,78,384,100
4,616,1234,null,0,1,27874,28180,100
1,617,1235,null,0,1,56660,56855,100
2,617,1236,null,0,1,38846,39041,100
1,618,1237,null,0,1,27577,27739,100
2,618,1238,null,0,1,80918,81080,100
4,618,1239,null,0,1,72018,72180,100
1,619,1240,null,0,1,54772,55008,100
3,619,1241,null,0,1,57490,57726,100
4,619,1242,null,0,1,45906,46142,100
1,620,1243,null,0,1,13909,14238,100
1,621,1244,null,0,1,19314,19506,100
2,621,1245,null,0,1,54819,55011,100
3,621,1246,null,0,1,23711,23903,100
3,622,1247,null,0,1,64422,64742,100
1,623,1248,null,0,1,55465,55692,100
2,623,1249,null,0,1,9104,9331,100
3,623,1250,null,0,1,36490,36717,100
2,624,1251,null,0,1,39137,39305,100
4,624,1252,null,0,1,56428,56596,100
3,625,1253,null,0,1,39581,39819,100
3,626,1254,null,0,1,42724,42934,100
1,627,1255,null,0,1,81869,82224,100
4,627,1256,null,0,1,23825,24180,100
1,628,1257,null,0,1,79076,79257,100
2,629,1258,null,0,1,53223,53555,100
3,629,1259,null,0,1,83256,83588,100
4,629,1260,null,0,1,22805,23137,100
4,630,1261,null,0,1,31800,31981,100
4,631,1262,null,0,1,24446,24723,100
1,632,1263,null,0,1,75398,75788,100
2,632,1264,null,0,1,68749,69139,100
3,632,1265,null,0,1,56168,56558,100
2,633,1266,null,0,1,61429,61710,100
4,633,1267,null,0,1,78861,79142,100
1,634,1268,null,0,1,13533,13729,100
2,634,1269,null,0,1,30331,30527,100
3,634,1270,null,0,1,84173,84369,100
2,635,1271,null,0,1,37556,37868,100
2,636,1272,null,0,1,3927,4237,100
3,636,1273,null,0,1,86383,86693,100
4,636,1274,null,0,1,73784,74094,100
1,637,1275,null,0,1,40691,41005,100
2,637,1276,null,0,1,64265,64579,100
4,637,1277,null,0,1,10304,10618,100
4,638,1278,null,0,1,35735,36117,100
1,639,1279,null,0,1,36125,36464,100
2,639,1280,null,0,1,56968,57307,100
3,639,1281,null,0,1,42818,43157,100
3,640,1282,null,0,1,78069,78265,100
2,641,1283,null,0,1,59146,59378,100
3,641,1284,null,0,1,75123,75355,100
4,641,1285,null,0,1,2870,3102,100
2,642,1286,null,0,1,46479,46753,100
4,642,1287,null,0,1,37553,37827,100
2,643,1288,null,0,1,83914,84140,100
2,644,1289,null,0,1,21143,21482,100
1,645,1290,null,0,1,81913,82192,100
2,645,1291,null,0,1,67783,68062,100
3,645,1292,null,0,1,43381,43660,100
1,646,1293,null,0,1,7568,7871,100
4,646,1294,null,0,1,29444,29747,100
1,647,1295,null,0,1,79571,79954,100
2,647,1296,null,0,1,12323,12706,100
1,648,1297,null,0,1,80627,80995,100
2,648,1298,null,0,1,21331,21699,100
3,648,1299,null,0,1,16031,16399,100
3,649,1300,null,0,1,81845,82070,100
1,650,1301,null,0,1,35444,35718,100
2,650,1302,null,0,1,79208,79482,100
4,650,1303,null,0,1,68727,69001,100
1,651,1304,null,0,1,39401,39673,100
3,651,1305,null,0,1,95,367,100
4,651,1306,null,0,1,18644,18916,100
1,652,1307,null,0,1,57780,57996,100
2,652,1308,null,0,1,19003,19219,100
3,652,1309,null,0,1,85126,85342,100
1,653,1310,null,0,1,78698,79091,100
3,653,1311,null,0,1,1904,2297,100
1,654,1312,null,0,1,65473,65670,100
4,654,1313,null,0,1,64856,65053,100
1,655,1314,null,0,1,407,610,100
2,655,1315,null,0,1,20006,20209,100
3,655,1316,null,0,1,22997,23200,100
1,656,1317,null,0,1,17183,17552,100
2,656,1318,null,0,1,1377,1746,100
3,656,1319,null,0,1,69717,70086,100
2,657,1320,null,0,1,83224,83486,100
1,658,1321,null,0,1,52174,52564,100
3,658,1322,null,0,1,77159,77549,100
3,659,1323,null,0,1,70575,70749,100
4,659,1324,null,0,1,26635,26809,100
1,660,1325,null,0,1,47262,47483,100
2,660,1326,null,0,1,54777,54998,100
4,660,1327,null,0,1,58532,58753,100
2,661,1328,null,0,1,80324,80503,100
3,661,1329,null,0,1,51525,51704,100
4,661,1330,null,0,1,37997,38176,100
3,662,1331,null,0,1,84815,84982,100
4,662,1332,null,0,1,73651,73818,100
1,663,1333,null,0,1,19111,19349,100
2,663,1334,null,0,1,43811,44049,100
1,664,1335,null,0,1,26875,27141,100
2,664,1336,null,0,1,7879,8145,100
4,664,1337,null,0,1,85332,85598,100
1,665,1338,null,0,1,17070,17392,100
2,665,1339,null,0,1,70486,70808,100
3,665,1340,null,0,1,63015,63337,100
3,666,1341,null,0,1,47139,47359,100
1,667,1342,null,0,1,20154,20509,100
2,667,1343,null,0,1,46904,47259,100
4,667,1344,null,0,1,29166,29521,100
1,668,1345,null,0,1,69342,69634,100
2,668,1346,null,0,1,45273,45565,100
4,668,1347,null,0,1,81831,82123,100
1,669,1348,null,0,1,36971,37220,100
2,669,1349,null,0,1,8383,8632,100
4,669,1350,null,0,1,4290,4539,100
1,670,1351,null,0,1,54150,54475,100
2,671,1352,null,0,1,37518,37737,100
1,672,1353,null,0,1,72617,72949,100
3,672,1354,null,0,1,75728,76060,100
2,673,1355,null,0,1,15529,15867,100
1,674,1356,null,0,1,9058,9381,100
1,675,1357,null,0,1,17908,18097,100
3,675,1358,null,0,1,4559,4748,100
4,675,1359,null,0,1,54994,55183,100
1,676,1360,null,0,1,53763,54112,100
2,676,1361,null,0,1,57539,57888,100
3,677,1362,null,0,1,63500,63804,100
4,677,1363,null,0,1,54003,54307,100
1,678,1364,null,0,1,25290,25688,100
2,679,1365,null,0,1,28274,28659,100
3,679,1366,null,0,1,62064,62449,100
4,679,1367,null,0,1,18674,19059,100
1,680,1368,null,0,1,64315,64487,100
2,680,1369,null,0,1,50414,50586,100
4,680,1370,null,0,1,77237,77409,100
2,681,1371,null,0,1,28193,28531,100
1,682,1372,null,0,1,27348,27673,100
2,682,1373,null,0,1,72110,72435,100
4,682,1374,null,0,1,47734,48059,100
2,683,1375,null,0,1,48786,49077,100
3,683,1376,null,0,1,20977,21268,100
4,683,1377,null,0,1,17572,17863,100
2,684,1378,null,0,1,84987,85294,100
3,684,1379,null,0,1,10749,11056,100
2,685,1380,null,0,1,12601,12945,100
3,685,1381,null,0,1,17076,17420,100
2,686,1382,null,0,1,57099,57296,100
1,687,1383,null,0,1,76410,76609,100
4,687,1384,null,0,1,17908,18107,100
1,688,1385,null,0,1,10721,11002,100
2,688,1386,null,0,1,42061,42342,100
4,688,1387,null,0,1,41042,41323,100
2,689,1388,null,0,1,10524,10757,100
1,690,1389,null,0,1,76671,77057,100
2,690,1390,null,0,1,19190,19576,100
4,690,1391,null,0,1,14712,15098,100
2,691,1392,null,0,1,12838,13198,100
1,692,1393,null,0,1,81707,81954,100
2,692,1394,null,0,1,43020,43267,100
4,692,1395,null,0,1,45726,45973,100
1,693,1396,null,0,1,4493,4814,100
2,693,1397,null,0,1,37817,38138,100
3,693,1398,null,0,1,20248,20569,100
2,694,1399,null,0,1,80803,80993,100
3,695,1400,null,0,1,41982,42259,100
4,695,1401,null,0,1,82745,83022,100
1,696,1402,null,0,1,52353,52512,100
2,696,1403,null,0,1,46281,46440,100
4,696,1404,null,0,1,34921,35080,100
1,697,1405,null,0,1,75686,76003,100
1,698,1406,null,0,1,78179,78559,100
2,698,1407,null,0,1,58331,58711,100
4,698,1408,null,0,1,54114,54494,100
4,699,1409,null,0,1,343,700,100
2,700,1410,null,0,1,13656,13902,100
2,701,1411,null,0,1,15539,15798,100
1,702,1412,null,0,1,3092,3344,100
1,703,1413,null,0,1,32403,32754,100
3,703,1414,null,0,1,27938,28289,100
1,704,1415,null,0,1,6864,7021,100
2,704,1416,null,0,1,57904,58061,100
4,704,1417,null,0,1,40823,40980,100
1,705,1418,null,0,1,27514,27781,100
2,705,1419,null,0,1,59680,59947,100
4,705,1420,null,0,1,10026,10293,100
1,706,1421,null,0,1,76354,76652,100
1,707,1422,null,0,1,6116,6274,100
3,707,1423,null,0,1,79054,79212,100
4,708,1424,null,0,1,76662,76956,100
2,709,1425,null,0,1,36526,36883,100
1,710,1426,null,0,1,79864,80021,100
4,710,1427,null,0,1,77619,77776,100
4,711,1428,null,0,1,22435,22807,100
3,712,1429,null,0,1,69672,70062,100
1,713,1430,null,0,1,60889,61171,100
3,713,1431,null,0,1,57072,57354,100
4,713,1432,null,0,1,27608,27890,100
3,714,1433,null,0,1,40138,40411,100
4,714,1434,null,0,1,24457,24730,100
2,715,1435,null,0,1,70214,70462,100
3,715,1436,null,0,1,31253,31501,100
4,715,1437,null,0,1,25659,25907,100
1,716,1438,null,0,1,66506,66846,100
1,717,1439,null,0,1,65805,66159,100
2,717,1440,null,0,1,26420,26774,100
3,717,1441,null,0,1,45021,45375,100
1,718,1442,null,0,1,29670,29978,100
2,718,1443,null,0,1,33691,33999,100
2,719,1444,null,0,1,83311,83504,100
1,720,1445,null,0,1,9361,9702,100
4,720,1446,null,0,1,32804,33145,100
1,721,1447,null,0,1,22156,22510,100
4,721,1448,null,0,1,11732,12086,100
1,722,1449,null,0,1,17447,17750,100
2,722,1450,null,0,1,31251,31554,100
3,722,1451,null,0,1,38779,39082,100
2,723,1452,null,0,1,74081,74255,100
3,723,1453,null,0,1,18319,18493,100
2,724,1454,null,0,1,9700,10016,100
2,725,1455,null,0,1,19315,19628,100
3,725,1456,null,0,1,80913,81226,100
2,726,1457,null,0,1,64430,64616,100
2,727,1458,null,0,1,3599,3801,100
4,727,1459,null,0,1,79066,79268,100
2,728,1460,null,0,1,4314,4636,100
3,728,1461,null,0,1,41629,41951,100
4,728,1462,null,0,1,29893,30215,100
1,729,1463,null,0,1,73788,74080,100
2,729,1464,null,0,1,61446,61738,100
4,729,1465,null,0,1,62382,62674,100
1,730,1466,null,0,1,30440,30649,100
2,730,1467,null,0,1,85652,85861,100
4,730,1468,null,0,1,67942,68151,100
1,731,1469,null,0,1,74300,74496,100
2,731,1470,null,0,1,48492,48688,100
3,731,1471,null,0,1,75113,75309,100
1,732,1472,null,0,1,59342,59549,100
4,732,1473,null,0,1,72340,72547,100
1,733,1474,null,0,1,28666,28937,100
1,734,1475,null,0,1,3026,3218,100
4,734,1476,null,0,1,79683,79875,100
1,735,1477,null,0,1,59989,60272,100
3,735,1478,null,0,1,7266,7549,100
1,736,1479,null,0,1,59908,60109,100
4,736,1480,null,0,1,79478,79679,100
1,737,1481,null,0,1,44714,45107,100
2,737,1482,null,0,1,12786,13179,100
4,737,1483,null,0,1,8637,9030,100
1,738,1484,null,0,1,6168,6351,100
2,738,1485,null,0,1,59249,59432,100
4,738,1486,null,0,1,64052,64235,100
3,739,1487,null,0,1,19738,19991,100
1,740,1488,null,0,1,31615,31837,100
2,740,1489,null,0,1,9600,9822,100
4,740,1490,null,0,1,2405,2627,100
1,741,1491,null,0,1,75197,75397,100
2,741,1492,null,0,1,21744,21944,100
3,741,1493,null,0,1,52827,53027,100
1,742,1494,null,0,1,50335,50545,100
2,742,1495,null,0,1,19845,20055,100
3,742,1496,null,0,1,26540,26750,100
2,743,1497,null,0,1,85857,86068,100
3,743,1498,null,0,1,3611,3822,100
4,743,1499,null,0,1,69864,70075,100
1,744,1500,null,0,1,28019,28292,100
2,744,1501,null,0,1,65970,66243,100
3,744,1502,null,0,1,85904,86177,100
1,745,1503,null,0,1,34759,35059,100
3,745,1504,null,0,1,74051,74351,100
4,745,1505,null,0,1,84433,84733,100
4,746,1506,null,0,1,18782,19000,100
1,747,1507,null,0,1,49364,49689,100
2,747,1508,null,0,1,37619,37944,100
2,748,1509,null,0,1,66620,66945,100
2,749,1510,null,0,1,27721,27888,100
3,749,1511,null,0,1,41422,41589,100
4,749,1512,null,0,1,28092,28259,100
2,750,1513,null,0,1,65635,65790,100
1,751,1514,null,0,1,19185,19357,100
3,752,1515,null,0,1,55482,55781,100
4,752,1516,null,0,1,65839,66138,100
2,753,1517,null,0,1,19582,19922,100
3,753,1518,null,0,1,11351,11691,100
4,753,1519,null,0,1,3380,3720,100
2,754,1520,null,0,1,63097,63473,100
4,754,1521,null,0,1,32549,32925,100
2,755,1522,null,0,1,56510,56719,100
4,755,1523,null,0,1,80412,80621,100
1,756,1524,null,0,1,10376,10759,100
2,756,1525,null,0,1,8927,9310,100
3,756,1526,null,0,1,67500,67883,100
1,757,1527,null,0,1,63845,64123,100
2,757,1528,null,0,1,36772,37050,100
4,757,1529,null,0,1,47006,47284,100
3,758,1530,null,0,1,25278,25608,100
2,759,1531,null,0,1,75492,75701,100
3,759,1532,null,0,1,63308,63517,100
4,759,1533,null,0,1,17302,17511,100
4,760,1534,null,0,1,38114,38502,100
2,761,1535,null,0,1,39401,39699,100
3,761,1536,null,0,1,22484,22782,100
4,761,1537,null,0,1,71917,72215,100
1,762,1538,null,0,1,12919,13161,100
2,762,1539,null,0,1,24869,25111,100
4,762,1540,null,0,1,74909,75151,100
1,763,1541,null,0,1,5583,5932,100
2,763,1542,null,0,1,55076,55425,100
1,764,1543,null,0,1,24763,25151,100
3,764,1544,null,0,1,28628,29016,100
1,765,1545,null,0,1,16440,16654,100
2,766,1546,null,0,1,56535,56708,100
4,766,1547,null,0,1,86319,86492,100
2,767,1548,null,0,1,50771,51165,100
3,768,1549,null,0,1,56620,56807,100
4,768,1550,null,0,1,23347,23534,100
1,769,1551,null,0,1,48177,48482,100
2,769,1552,null,0,1,85734,86039,100
3,769,1553,null,0,1,70423,70728,100
1,770,1554,null,0,1,65407,65731,100
3,770,1555,null,0,1,27309,27633,100
4,770,1556,null,0,1,15751,16075,100
2,771,1557,null,0,1,60143,60371,100
1,772,1558,null,0,1,81074,81364,100
2,772,1559,null,0,1,32375,32665,100
4,772,1560,null,0,1,11824,12114,100
1,773,1561,null,0,1,13923,14083,100
2,773,1562,null,0,1,50426,50586,100
4,773,1563,null,0,1,61750,61910,100
3,774,1564,null,0,1,25087,25354,100
4,774,1565,null,0,1,32693,32960,100
1,775,1566,null,0,1,70543,70753,100
3,776,1567,null,0,1,66892,67061,100
2,777,1568,null,0,1,14122,14481,100
2,778,1569,null,0,1,29575,29887,100
4,778,1570,null,0,1,37545,37857,100
2,779,1571,null,0,1,30838,31142,100
2,780,1572,null,0,1,8346,8717,100
3,781,1573,null,0,1,65407,65702,100
4,781,1574,null,0,1,57340,57635,100
1,782,1575,null,0,1,29746,30090,100
2,782,1576,null,0,1,72222,72566,100
2,783,1577,null,0,1,32520,32875,100
3,783,1578,null,0,1,79077,79432,100
4,783,1579,null,0,1,55218,55573,100
2,784,1580,null,0,1,60258,60551,100
2,785,1581,null,0,1,10844,11213,100
1,786,1582,null,0,1,51852,52027,100
4,786,1583,null,0,1,27396,27571,100
4,787,1584,null,0,1,21411,21784,100
2,788,1585,null,0,1,61994,62381,100
3,788,1586,null,0,1,46743,47130,100
3,789,1587,null,0,1,37078,37305,100
4,789,1588,null,0,1,49572,49799,100
1,790,1589,null,0,1,75619,75807,100
2,791,1590,null,0,1,83648,83800,100
3,791,1591,null,0,1,66811,66963,100
4,791,1592,null,0,1,11522,11674,100
1,792,1593,null,0,1,35601,35806,100
2,792,1594,null,0,1,84022,84227,100
3,792,1595,null,0,1,64646,64851,100
1,793,1596,null,0,1,27796,28126,100
3,794,1597,null,0,1,50340,50637,100
4,795,1598,null,0,1,34908,35280,100
1,796,1599,null,0,1,70791,71150,100
2,797,1600,null,0,1,24604,24788,100
4,797,1601,null,0,1,27683,27867,100
3,798,1602,null,0,1,10662,10856,100
2,799,1603,null,0,1,83070,83431,100
3,799,1604,null,0,1,40499,40860,100
4,799,1605,null,0,1,75578,75939,100
1,800,1606,null,0,1,44650,45027,100
2,800,1607,null,0,1,14013,14390,100
4,800,1608,null,0,1,5195,5572,100
1,801,1609,null,0,1,37108,37359,100
3,801,1610,null,0,1,64384,64635,100
1,802,1611,null,0,1,4667,4985,100
4,802,1612,null,0,1,80677,80995,100
2,803,1613,null,0,1,7547,7705,100
3,803,1614,null,0,1,9121,9279,100
4,803,1615,null,0,1,73462,73620,100
4,804,1616,null,0,1,30809,31035,100
2,805,1617,null,0,1,81923,82140,100
1,806,1618,null,0,1,18706,19028,100
2,806,1619,null,0,1,66213,66535,100
4,806,1620,null,0,1,39155,39477,100
1,807,1621,null,0,1,84037,84362,100
3,807,1622,null,0,1,69385,69710,100
4,807,1623,null,0,1,15602,15927,100
2,808,1624,null,0,1,82255,82637,100
2,809,1625,null,0,1,3760,3924,100
2,810,1626,null,0,1,59969,60143,100
2,811,1627,null,0,1,21723,21911,100
3,811,1628,null,0,1,26882,27070,100
1,812,1629,null,0,1,48752,48911,100
2,812,1630,null,0,1,24287,24446,100
3,812,1631,null,0,1,34317,34476,100
1,813,1632,null,0,1,38442,38832,100
2,813,1633,null,0,1,29279,29669,100
4,813,1634,null,0,1,28393,28783,100
2,814,1635,null,0,1,1291,1598,100
4,814,1636,null,0,1,53893,54200,100
3,815,1637,null,0,1,41405,41647,100
1,816,1638,null,0,1,68469,68624,100
2,817,1639,null,0,1,65106,65419,100
3,817,1640,null,0,1,17822,18135,100
1,818,1641,null,0,1,12428,12637,100
3,818,1642,null,0,1,29537,29746,100
4,818,1643,null,0,1,85997,86206,100
1,819,1644,null,0,1,72353,72551,100
2,820,1645,null,0,1,6509,6818,100
3,821,1646,null,0,1,15089,15240,100
4,822,1647,null,0,1,56066,56312,100
2,823,1648,null,0,1,20893,21154,100
2,824,1649,null,0,1,61254,61462,100
3,824,1650,null,0,1,1379,1587,100
4,824,1651,null,0,1,16437,16645,100
2,825,1652,null,0,1,79612,79795,100
3,825,1653,null,0,1,67148,67331,100
2,826,1654,null,0,1,39652,39872,100
3,826,1655,null,0,1,3888,4108,100
4,826,1656,null,0,1,53303,53523,100
1,827,1657,null,0,1,74522,74735,100
2,828,1658,null,0,1,22108,22320,100
3,828,1659,null,0,1,50529,50741,100
4,828,1660,null,0,1,70530,70742,100
3,829,1661,null,0,1,5027,5271,100
4,830,1662,null,0,1,55301,55558,100
1,831,1663,null,0,1,24982,25181,100
2,831,1664,null,0,1,80488,80687,100
4,831,1665,null,0,1,33628,33827,100
1,832,1666,null,0,1,40979,41340,100
3,832,1667,null,0,1,13570,13931,100
4,832,1668,null,0,1,52739,53100,100
1,833,1669,null,0,1,47047,47327,100
3,833,1670,null,0,1,70600,70880,100
4,833,1671,null,0,1,67460,67740,100
3,834,1672,null,0,1,45245,45545,100
3,835,1673,null,0,1,81422,81703,100
4,835,1674,null,0,1,41126,41407,100
1,836,1675,null,0,1,21940,22145,100
2,836,1676,null,0,1,69039,69244,100
3,836,1677,null,0,1,47456,47661,100
1,837,1678,null,0,1,532,843,100
2,837,1679,null,0,1,29588,29899,100
3,837,1680,null,0,1,31531,31842,100
3,838,1681,null,0,1,42713,42993,100
2,839,1682,null,0,1,40218,40513,100
3,839,1683,null,0,1,24375,24670,100
4,839,1684,null,0,1,40136,40431,100
4,840,1685,null,0,1,59675,59946,100
1,841,1686,null,0,1,20913,21255,100
2,842,1687,null,0,1,35346,35645,100
3,842,1688,null,0,1,11221,11520,100
1,843,1689,null,0,1,21610,21851,100
2,843,1690,null,0,1,6224,6465,100
3,843,1691,null,0,1,71785,72026,100
4,844,1692,null,0,1,80752,81090,100
3,845,1693,null,0,1,11461,11846,100
1,846,1694,null,0,1,44650,44866,100
3,846,1695,null,0,1,34572,34788,100
4,846,1696,null,0,1,44713,44929,100
1,847,1697,null,0,1,49021,49372,100
1,848,1698,null,0,1,6121,6374,100
2,848,1699,null,0,1,23946,24199,100
3,848,1700,null,0,1,3826,4079,100
3,849,1701,null,0,1,36830,37039,100
2,850,1702,null,0,1,70594,70784,100
4,850,1703,null,0,1,3849,4039,100
1,851,1704,null,0,1,34545,34917,100
2,851,1705,null,0,1,32595,32967,100
3,851,1706,null,0,1,50350,50722,100
1,852,1707,null,0,1,14359,14704,100
3,852,1708,null,0,1,22642,22987,100
1,853,1709,null,0,1,44911,45150,100
4,853,1710,null,0,1,26367,26606,100
2,854,1711,null,0,1,76281,76504,100
3,854,1712,null,0,1,54006,54229,100
4,854,1713,null,0,1,78179,78402,100
1,855,1714,null,0,1,25437,25713,100
4,855,1715,null,0,1,54656,54932,100
1,856,1716,null,0,1,75892,76042,100
2,856,1717,null,0,1,53618,53768,100
3,857,1718,null,0,1,32385,32536,100
3,858,1719,null,0,1,81603,81858,100
1,859,1720,null,0,1,28509,28817,100
2,859,1721,null,0,1,82257,82565,100
3,859,1722,null,0,1,82624,82932,100
2,860,1723,null,0,1,11166,11510,100
4,860,1724,null,0,1,81592,81936,100
2,861,1725,null,0,1,55061,55316,100
3,861,1726,null,0,1,3077,3332,100
4,861,1727,null,0,1,28678,28933,100
2,862,1728,null,0,1,39552,39782,100
3,862,1729,null,0,1,71895,72125,100
1,863,1730,null,0,1,81085,81295,100
2,863,1731,null,0,1,62739,62949,100
3,864,1732,null,0,1,60455,60714,100
4,864,1733,null,0,1,21623,21882,100
3,865,1734,null,0,1,82788,83178,100
1,866,1735,null,0,1,19002,19360,100
2,866,1736,null,0,1,57742,58100,100
3,866,1737,null,0,1,34279,34637,100
1,867,1738,null,0,1,19865,20158,100
2,867,1739,null,0,1,2661,2954,100
4,867,1740,null,0,1,64783,65076,100
1,868,1741,null,0,1,84439,84652,100
2,868,1742,null,0,1,8417,8630,100
3,868,1743,null,0,1,67359,67572,100
2,869,1744,null,0,1,70376,70590,100
2,870,1745,null,0,1,80806,81136,100
3,870,1746,null,0,1,10863,11193,100
1,871,1747,null,0,1,71165,71378,100
2,871,1748,null,0,1,44766,44979,100
3,871,1749,null,0,1,25680,25893,100
1,872,1750,null,0,1,18924,19261,100
2,872,1751,null,0,1,14945,15282,100
4,872,1752,null,0,1,66880,67217,100
3,873,1753,null,0,1,41543,41817,100
3,874,1754,null,0,1,19101,19487,100
1,875,1755,null,0,1,77013,77339,100
3,876,1756,null,0,1,13947,14199,100
4,876,1757,null,0,1,52629,52881,100
1,877,1758,null,0,1,78722,79067,100
2,877,1759,null,0,1,28537,28882,100
4,877,1760,null,0,1,26084,26429,100
4,878,1761,null,0,1,72689,73055,100
2,879,1762,null,0,1,28966,29184,100
3,880,1763,null,0,1,46259,46563,100
4,880,1764,null,0,1,6831,7135,100
1,881,1765,null,0,1,61101,61442,100
4,881,1766,null,0,1,34892,35233,100
2,882,1767,null,0,1,23539,23697,100
3,882,1768,null,0,1,5369,5527,100
1,883,1769,null,0,1,40889,41231,100
3,883,1770,null,0,1,62922,63264,100
4,883,1771,null,0,1,72942,73284,100
3,884,1772,null,0,1,71416,71704,100
3,885,1773,null,0,1,32125,32352,100
1,886,1774,null,0,1,63045,63331,100
3,886,1775,null,0,1,41413,41699,100
4,886,1776,null,0,1,81132,81418,100
2,887,1777,null,0,1,50536,50857,100
4,887,1778,null,0,1,6021,6342,100
2,888,1779,null,0,1,38146,38377,100
3,888,1780,null,0,1,72426,72657,100
4,888,1781,null,0,1,31783,32014,100
1,889,1782,null,0,1,43085,43276,100
2,889,1783,null,0,1,6166,6357,100
3,889,1784,null,0,1,3560,3751,100
1,890,1785,null,0,1,15571,15964,100
2,890,1786,null,0,1,64965,65358,100
3,890,1787,null,0,1,80727,81120,100
1,891,1788,null,0,1,21709,21940,100
3,891,1789,null,0,1,79280,79511,100
4,891,1790,null,0,1,44337,44568,100
1,892,1791,null,0,1,57954,58202,100
3,892,1792,null,0,1,84608,84856,100
4,892,1793,null,0,1,61226,61474,100
1,893,1794,null,0,1,28902,29059,100
3,893,1795,null,0,1,13153,13310,100
1,894,1796,null,0,1,27958,28181,100
3,894,1797,null,0,1,33365,33588,100
2,895,1798,null,0,1,9261,9530,100
2,896,1799,null,0,1,77957,78229,100
4,896,1800,null,0,1,84082,84354,100
1,897,1801,null,0,1,32268,32581,100
2,897,1802,null,0,1,22902,23215,100
4,898,1803,null,0,1,54225,54374,100
1,899,1804,null,0,1,13305,13666,100
2,899,1805,null,0,1,15760,16121,100
4,899,1806,null,0,1,54242,54603,100
2,900,1807,null,0,1,14196,14440,100
3,900,1808,null,0,1,82033,82277,100
4,900,1809,null,0,1,59964,60208,100
1,901,1810,null,0,1,80649,80952,100
1,902,1811,null,0,1,17304,17628,100
3,903,1812,null,0,1,8,322,100
4,903,1813,null,0,1,73179,73493,100
4,904,1814,null,0,1,21971,22168,100
3,905,1815,null,0,1,40930,41288,100
4,905,1816,null,0,1,74250,74608,100
1,906,1817,null,0,1,34777,35161,100
2,906,1818,null,0,1,12623,13007,100
4,906,1819,null,0,1,20984,21368,100
1,907,1820,null,0,1,64120,64481,100
3,907,1821,null,0,1,66457,66818,100
4,907,1822,null,0,1,71428,71789,100
2,908,1823,null,0,1,52658,53040,100
3,908,1824,null,0,1,50089,50471,100
2,909,1825,null,0,1,62839,63178,100
3,909,1826,null,0,1,65343,65682,100
4,909,1827,null,0,1,78488,78827,100
4,910,1828,null,0,1,60575,60932,100
1,911,1829,null,0,1,30961,31348,100
3,911,1830,null,0,1,82924,83311,100
4,911,1831,null,0,1,62571,62958,100
1,912,1832,null,0,1,5638,6003,100
3,912,1833,null,0,1,27853,28218,100
4,913,1834,null,0,1,57564,57889,100
1,914,1835,null,0,1,67606,67982,100
3,914,1836,null,0,1,44081,44457,100
4,914,1837,null,0,1,19165,19541,100
1,915,1838,null,0,1,55433,55606,100
3,915,1839,null,0,1,17677,17850,100
2,916,1840,null,0,1,43711,43986,100
4,916,1841,null,0,1,33683,33958,100
1,917,1842,null,0,1,33772,34074,100
2,917,1843,null,0,1,85007,85309,100
4,917,1844,null,0,1,66262,66564,100
2,918,1845,null,0,1,51968,52195,100
3,918,1846,null,0,1,36517,36744,100
4,918,1847,null,0,1,14803,15030,100
2,919,1848,null,0,1,57679,57954,100
3,919,1849,null,0,1,54705,54980,100
4,919,1850,null,0,1,78582,78857,100
2,920,1851,null,0,1,33551,33807,100
4,920,1852,null,0,1,64025,64281,100
1,921,1853,null,0,1,43094,43435,100
2,921,1854,null,0,1,77794,78135,100
3,921,1855,null,0,1,72304,72645,100
2,922,1856,null,0,1,74958,75327,100
4,922,1857,null,0,1,53799,54168,100
1,923,1858,null,0,1,58980,59203,100
2,923,1859,null,0,1,31258,31481,100
3,923,1860,null,0,1,35498,35721,100
1,924,1861,null,0,1,19666,19896,100
3,924,1862,null,0,1,16277,16507,100
4,924,1863,null,0,1,22346,22576,100
4,925,1864,null,0,1,13871,14193,100
2,926,1865,null,0,1,58004,58182,100
3,926,1866,null,0,1,45941,46119,100
3,927,1867,null,0,1,37557,37768,100
2,928,1868,null,0,1,50869,51214,100
2,929,1869,null,0,1,48044,48291,100
4,929,1870,null,0,1,80012,80259,100
1,930,1871,null,0,1,75049,75357,100
4,930,1872,null,0,1,56978,57286,100
2,931,1873,null,0,1,17521,17672,100
4,931,1874,null,0,1,60430,60581,100
2,932,1875,null,0,1,77085,77453,100
3,932,1876,null,0,1,35908,36276,100
4,932,1877,null,0,1,40626,40994,100
2,933,1878,null,0,1,29703,30050,100
3,933,1879,null,0,1,23079,23426,100
4,933,1880,null,0,1,32676,33023,100
1,934,1881,null,0,1,25504,25659,100
1,935,1882,null,0,1,12564,12824,100
2,935,1883,null,0,1,30255,30515,100
4,935,1884,null,0,1,64410,64670,100
1,936,1885,null,0,1,24580,24956,100
2,936,1886,null,0,1,25935,26311,100
1,937,1887,null,0,1,53814,54168,100
3,937,1888,null,0,1,38440,38794,100
1,938,1889,null,0,1,73016,73397,100
1,939,1890,null,0,1,76781,77161,100
2,939,1891,null,0,1,34354,34734,100
4,939,1892,null,0,1,77644,78024,100
2,940,1893,null,0,1,29903,30199,100
3,940,1894,null,0,1,12444,12740,100
1,941,1895,null,0,1,77354,77640,100
2,941,1896,null,0,1,71469,71755,100
3,941,1897,null,0,1,44990,45276,100
4,942,1898,null,0,1,21611,21824,100
1,943,1899,null,0,1,925,1179,100
3,943,1900,null,0,1,31175,31429,100
4,943,1901,null,0,1,15515,15769,100
1,944,1902,null,0,1,33618,33863,100
2,944,1903,null,0,1,64302,64547,100
3,944,1904,null,0,1,74234,74479,100
2,945,1905,null,0,1,25649,25856,100
2,946,1906,null,0,1,55786,56153,100
3,946,1907,null,0,1,50243,50610,100
4,946,1908,null,0,1,76285,76652,100
4,947,1909,null,0,1,55433,55715,100
4,948,1910,null,0,1,78761,78910,100
1,949,1911,null,0,1,70124,70396,100
2,949,1912,null,0,1,12031,12303,100
3,949,1913,null,0,1,45020,45292,100
1,950,1914,null,0,1,15859,16049,100
3,950,1915,null,0,1,10593,10783,100
4,950,1916,null,0,1,50545,50735,100
1,951,1917,null,0,1,67447,67622,100
2,951,1918,null,0,1,41959,42134,100
3,952,1919,null,0,1,57552,57817,100
4,952,1920,null,0,1,46203,46468,100
2,953,1921,null,0,1,21517,21723,100
4,953,1922,null,0,1,69316,69522,100
3,954,1923,null,0,1,26979,27374,100
4,955,1924,null,0,1,47104,47477,100
1,956,1925,null,0,1,42500,42830,100
2,956,1926,null,0,1,79568,79898,100
2,957,1927,null,0,1,69534,69736,100
2,958,1928,null,0,1,24446,24612,100
4,958,1929,null,0,1,19312,19478,100
3,959,1930,null,0,1,6449,6840,100
2,960,1931,null,0,1,76502,76731,100
3,960,1932,null,0,1,43597,43826,100
4,960,1933,null,0,1,77841,78070,100
1,961,1934,null,0,1,20964,21260,100
4,961,1935,null,0,1,45565,45861,100
1,962,1936,null,0,1,63166,63499,100
3,962,1937,null,0,1,45409,45742,100
4,962,1938,null,0,1,60789,61122,100
1,963,1939,null,0,1,73878,74118,100
2,964,1940,null,0,1,41234,41578,100
3,964,1941,null,0,1,84721,85065,100
4,965,1942,null,0,1,59089,59460,100
1,966,1943,null,0,1,71408,71619,100
4,966,1944,null,0,1,2150,2361,100
1,967,1945,null,0,1,18136,18328,100
2,968,1946,null,0,1,65929,66142,100
3,968,1947,null,0,1,66814,67027,100
2,969,1948,null,0,1,78357,78666,100
3,970,1949,null,0,1,56678,57028,100
1,971,1950,null,0,1,84859,85127,100
2,971,1951,null,0,1,8409,8677,100
3,971,1952,null,0,1,48981,49249,100
1,972,1953,null,0,1,29110,29411,100
2,972,1954,null,0,1,42386,42687,100
4,972,1955,null,0,1,71864,72165,100
1,973,1956,null,0,1,82889,83194,100
2,973,1957,null,0,1,68307,68612,100
4,973,1958,null,0,1,34352,34657,100
1,974,1959,null,0,1,73398,73560,100
3,974,1960,null,0,1,56284,56446,100
4,974,1961,null,0,1,10367,10529,100
2,975,1962,null,0,1,68323,68562,100
3,975,1963,null,0,1,32043,32282,100
2,976,1964,null,0,1,57512,57732,100
3,976,1965,null,0,1,27383,27603,100
4,976,1966,null,0,1,54020,54240,100
1,977,1967,null,0,1,5760,5936,100
2,977,1968,null,0,1,68676,68852,100
3,977,1969,null,0,1,67491,67667,100
1,978,1970,null,0,1,43854,44006,100
4,978,1971,null,0,1,12401,12553,100
4,979,1972,null,0,1,46393,46766,100
1,980,1973,null,0,1,48808,49184,100
3,980,1974,null,0,1,36509,36885,100
1,981,1975,null,0,1,7070,7443,100
2,981,1976,null,0,1,63837,64210,100
1,982,1977,null,0,1,63263,63471,100
3,982,1978,null,0,1,64587,64795,100
4,982,1979,null,0,1,151,359,100
1,983,1980,null,0,1,50561,50844,100
2,983,1981,null,0,1,83029,83312,100
4,983,1982,null,0,1,82056,82339,100
1,984,1983,null,0,1,25623,25786,100
4,984,1984,null,0,1,52112,52275,100
1,985,1985,null,0,1,38935,39332,100
3,985,1986,null,0,1,53695,54092,100
1,986,1987,null,0,1,10282,10631,100
4,986,1988,null,0,1,85053,85402,100
1,987,1989,null,0,1,37442,37603,100
2,988,1990,null,0,1,50462,50612,100
1,989,1991,null,0,1,40852,41109,100
2,989,1992,null,0,1,11647,11904,100
4,989,1993,null,0,1,48623,48880,100
2,990,1994,null,0,1,13617,14009,100
3,990,1995,null,0,1,19692,20084,100
1,991,1996,null,0,1,53361,53531,100
2,991,1997,null,0,1,64912,65082,100
2,992,1998,null,0,1,53225,53570,100
3,992,1999,null,0,1,66528,66873,100
1,993,2000,null,0,1,11541,11787,100
3,993,2001,null,0,1,33725,33971,100
3,994,2002,null,0,1,48776,49065,100
4,995,2003,null,0,1,73427,73631,100
1,996,2004,null,0,1,23334,23660,100
2,996,2005,null,0,1,48471,48797,100
3,996,2006,null,0,1,20795,21121,100
3,997,2007,null,0,1,46030,46378,100
1,998,2008,null,0,1,48513,48815,100
4,998,2009,null,0,1,2811,3113,100
2,999,2010,null,0,1,30580,30926,100
3,999,2011,null,0,1,4270,4616,100
4,999,2012,null,0,1,11701,12047,100
1,1000,2013,null,0,1,38001,38386,100
2,1000,2014,null,0,1,36917,37302,100
3,1000,2015,null,0,1,82729,83114,100
